file,purl,error
011235813@SEPT_sbom.json,,no components
ADARA-Neutrons@adara_sbom.json,pkg:rpm/log4cxx@0.10.0-12.el6?arch=x86_64&epoch=0,failed to get coordinates from purl: pkg:rpm/log4cxx@0.10.0-12.el6?arch=x86_64&epoch=0
ADARA-Neutrons@adara_sbom.json,pkg:rpm/log4cxx@0.10.0-12.el6?arch=x86_64&epoch=0&upstream=log4cxx-0.10.0-12.el6.src.rpm,failed to get coordinates from purl: pkg:rpm/log4cxx@0.10.0-12.el6?arch=x86_64&epoch=0&upstream=log4cxx-0.10.0-12.el6.src.rpm
ADARA-Neutrons@adara_sbom.json,pkg:rpm/log4cxx-devel@0.10.0-12.el6?arch=x86_64&epoch=0&upstream=log4cxx-0.10.0-12.el6.src.rpm,failed to get coordinates from purl: pkg:rpm/log4cxx-devel@0.10.0-12.el6?arch=x86_64&epoch=0&upstream=log4cxx-0.10.0-12.el6.src.rpm
ADARA-Neutrons@adara_sbom.json,pkg:rpm/nexus@4.2.1dad-1?arch=x86_64&epoch=0&upstream=nexus-4.2.1dad-1.src.rpm,failed to get coordinates from purl: pkg:rpm/nexus@4.2.1dad-1?arch=x86_64&epoch=0&upstream=nexus-4.2.1dad-1.src.rpm
AI-multimodal@XAS-NNE_sbom.json,,no components
AI4Plastics@AI4Plastics_sbom.json,,no components
AMF-FLX@AMF-BASE-QAQC_sbom.json,,no components
AMReX-Astro@Emu_sbom.json,,no components
ANL-CEEESA@powersas.m_sbom.json,,no components
APS-XSD-OPT-Group@wavepy_sbom.json,,no components
ARM-Development@qc_aod_sbom.json,,no components
ActiveHarmony@harmony_sbom.json,,no components
AdityaSavara@CiteSoft_Py_sbom.json,,no components
AdityaSavara@MSRESOLVE_sbom.json,,no components
AdityaSavara@PEUQSE_sbom.json,,no components
AdityaSavara@UnitTesterSG_sbom.json,,no components
AdvancedPhotonSource@MAPSToTomoPy_sbom.json,,no components
AdvancedPhotonSource@cd_sbom.json,,no components
AgileBioFoundry@FA-NGS_sbom.json,,no components
AndrewCWalker@rsm_tool_suite_sbom.json,,no components
Argonne-National-Laboratory@APPROD_sbom.json,,no components
Argonne-National-Laboratory@Frhodo_sbom.json,,no components
Argonne-National-Laboratory@cyber-defense-competition_sbom.json,,no components
Argonne-National-Laboratory@goose_sbom.json,,no components
Argonne-National-Laboratory@pycreep_sbom.json,,no components
Argonne-National-Laboratory@urbansim-isomodel_sbom.json,,no components
Art-MC@SkyrmNet_demo_sbom.json,,no components
BNL-NowCasting@SolarForecastin_sbom.json,,no components
BQSKit@qfactor_sbom.json,,no components
BQSKit@qfas_sbom.json,,no components
BeTR-biogeochemistry-modeling@sbetr_sbom.json,,no components
BerkeleyLab@BWUDP_sbom.json,,no components
BerkeleyLab@CAL-BPM_sbom.json,,no components
BerkeleyLab@ISO_Fortran_binding_m_sbom.json,,no components
BerkeleyLab@LBNL-Cell-controller_sbom.json,,no components
BerkeleyLab@LBNL-DSBPM_sbom.json,,no components
BerkeleyLab@LBNL-Digitizers_sbom.json,,no components
BerkeleyLab@LBNL-Dual-EVG_sbom.json,,no components
BerkeleyLab@LBNL-EVFR_sbom.json,,no components
BerkeleyLab@XVC-FTDI-JTAG_sbom.json,,no components
BerkeleyLab@nexpor_sbom.json,,no components
Biomass-Autothermal-Pyrolysis@CFDCodes_sbom.json,,no components
Biomass-Autothermal-Pyrolysis@HomogeneousModels_sbom.json,,no components
Biomass-Autothermal-Pyrolysis@ReducedOrderModel_sbom.json,,no components
BiosecSFA@gentangle_sbom.json,,no components
BoianAlexandrov@HNMF_sbom.json,,no components
BoianAlexandrov@ShiftNMFk.jl_sbom.json,,no components
BrookhavenNationalLaboratory@pyRafters_sbom.json,,no components
CASL@Futility_sbom.json,,no components
CASL@VERAin_sbom.json,,no components
CASL@VERAview_sbom.json,,no components
CBIIT@NCI-DOE-Collab-Pilot1-Semi-Supervised-Feature-Learning-with-Center-Loss_sbom.json,,no components
CBIIT@pilot3_MT-CNN_ORNL_sbom.json,,no components
CCSI-Toolset@DeeperFluids_sbom.json,,no components
CCSI-Toolset@MGN_sbom.json,,no components
CDAT@EzGe_sbom.json,,no components
CDAT@Jupyter-notebooks_sbom.json,,no components
CDAT@TestsRunner_sbom.json,,no components
CDAT@UV-CDAT_scientific_examples_sbom.json,,no components
CDAT@analytics_scripts_sbom.json,,no components
CDAT@cd77_sbom.json,,no components
CDAT@cda_sbom.json,,no components
CDAT@cdat.github.io_sbom.json,,no components
CDAT@cdp_sbom.json,,no components
CDAT@changelogger_sbom.json,,no components
CDAT@ci-bots_sbom.json,,no components
CDAT@compute_graph_sbom.json,,no components
CDAT@conda-recipes_sbom.json,,no components
CDAT@distarray_sbom.json,,no components
CDAT@e3sm_nex_sbom.json,,no components
CDAT@image-compare_sbom.json,,no components
CDAT@jupyter-vcda_sbom.json,,no components
CDAT@jupyterlab-tutorial-extension_sbom.json,,no components
CDAT@jupyterlab-tutorial_sbom.json,,no components
CDAT@lats_sbom.json,,no components
CDAT@libcf_sbom.json,,no components
CDAT@staticView_sbom.json,,no components
CDAT@thermo_sbom.json,,no components
CDAT@unidata_sbom.json,,no components
CDAT@uvcdat-testdata_sbom.json,,no components
CDAT@uvcmetrics_sbom.json,,no components
CDAT@vcs_sbom.json,,no components
CDAT@vcsaddons_sbom.json,,no components
CDAT@wk_sbom.json,,no components
CDAT@xmgrace_sbom.json,,no components
CDCgov@AlignmentViewer_sbom.json,,no components
CDCgov@Bubbles_sbom.json,,no components
CDCgov@COVIDReportR_AShinyApp_sbom.json,,no components
CDCgov@CSV2FASTA_sbom.json,,no components
CDCgov@Dash_FileUploader_sbom.json,,no components
CDCgov@EPHTrackin_sbom.json,,no components
CDCgov@IMslide_1_sbom.json,,no components
CDCgov@KPIP_sbom.json,,no components
CDCgov@MaRS_sbom.json,,no components
CDCgov@Mia_publication_sbom.json,,no components
CDCgov@MicrobeTraceShiny_sbom.json,,no components
CDCgov@NeST-nf_sbom.json,,no components
CDCgov@PoSE_sbom.json,,no components
CDCgov@Proximate_sbom.json,,no components
CDCgov@SARS-CoV-2_Sequencin_sbom.json,,no components
CDCgov@SanitizeMePaired_sbom.json,,no components
CDCgov@SanitizeMe_sbom.json,,no components
CDCgov@SeqSpawnR_sbom.json,,no components
CDCgov@ShinyGanttCharts_sbom.json,,no components
CDCgov@TableMerger_sbom.json,,no components
CDCgov@covid19healthbo_sbom.json,,no components
CDCgov@covid_case_privacy_review_sbom.json,,no components
CDCgov@excessdeathsCOVID19_sbom.json,,no components
CDCgov@fdns-ms-crypto_sbom.json,,no components
CDCgov@fileto_sbom.json,,no components
CDCgov@geneflow-workflows_sbom.json,,no components
CDCgov@geneflow_sbom.json,,no components
CDCgov@legionella_pneumophila_SBT_analysis_sbom.json,,no components
CDCgov@legionella_pneumophila_genomics_sbom.json,,no components
CDCgov@legionella_pneumophila_genomics_speciesID_sbom.json,,no components
CDCgov@mycosnp-bwa-pre-process_sbom.json,,no components
CDCgov@mycosnp-bwa-reference_sbom.json,,no components
CDCgov@mycosnp-gatk-variants_sbom.json,,no components
CDCgov@mycosnp_sbom.json,,no components
CDCgov@openshift-fluentd-forwarder_sbom.json,,no components
CDCgov@phlip-backend_sbom.json,,no components
CDCgov@prime-devops_sbom.json,,no components
CDCgov@prime-field-teams_sbom.json,,no components
CDCgov@shinyMBA_sbom.json,,no components
CDCgov@spheres-auspice-data_sbom.json,,no components
CLDruzgalski@AM_fileConverters_sbom.json,,no components
CSD-Public@stonix_sbom.json,,no components
ClaireBookworm@gbbs_sbom.json,,no components
Code-dot-mil@crossfeed-agen_sbom.json,,no components
Critical-Materials-Institute@NPS_sbom.json,,no components
Cybersecurity-Tools@V2W-BERT_sbom.json,,no components
DOE-ICoM@geowq-chesapeake_sbom.json,,no components
Dbross@CM_DVR_sbom.json,,no components
DmitryLyakh@TAL_SH_sbom.json,,no components
DuaneDJohnson@Hybrid-Cuckoo-Search_sbom.json,,no components
E3SM-Project@COMPOSE_sbom.json,,no components
E3SM-Project@EKAT_sbom.json,,no components
E3SM-Project@HOMMEXX_sbom.json,,no components
E3SM-Project@a-prime_sbom.json,,no components
E3SM-Project@codesign-kernels_sbom.json,,no components
E3SM-Project@iESM_sbom.json,,no components
E3SM-Project@scorpio_sbom.json,,no components
E3SM-Project@sta-imex_sbom.json,,no components
ECP-ExaGraph@Submodular-b-matchin_sbom.json,,no components
ECP-ExaGraph@grappolo_sbom.json,,no components
ECP-ExaGraph@mel_sbom.json,,no components
ECP-ExaGraph@netAlign_sbom.json,,no components
ECP-ExaGraph@neve_sbom.json,,no components
ECP-ExaGraph@vite_sbom.json,,no components
ECP-VeloC@VELOC_sbom.json,,no components
ECP-copa@ExaMiniMD_sbom.json,,no components
ECP-copa@ExaSP2_sbom.json,,no components
EMSL-Computing@PeakDecoder_sbom.json,,no components
EMSL-Computing@nmRanalysis_sbom.json,,no components
EMSL-MSC@MscClusterMgm_sbom.json,,no components
EMSL-MSC@amalgam_sbom.json,,no components
EMSL-MSC@ovirtap_sbom.json,,no components
EMSL-MSC@service-poke_sbom.json,,no components
EMSL-MSC@terraform-provider-ovir_sbom.json,,no components
ESGF@DiagnosticsViewer_sbom.json,,no components
ESGF@apache-frontend_sbom.json,,no components
ESGF@compute_sbom.json,,no components
ESGF@conf_sbom.json,,no components
ESGF@dream_sbom.json,,no components
ESGF@esgf-build_sbom.json,,no components
ESGF@esgf-ca_sbom.json,,no components
ESGF@esgf-compute-ap_sbom.json,,no components
ESGF@esgf-compute-wps_sbom.json,,no components
ESGF@esgf-dashboard_sbom.json,,no components
ESGF@esgf-docker_sbom.json,,no components
ESGF@esgf-drslib_sbom.json,,no components
ESGF@esgf-ingestion_sbom.json,,no components
ESGF@esgf-publisher-resources_sbom.json,,no components
ESGF@esgf-slcs-server-playbook_sbom.json,,no components
ESGF@esgf-sw_sbom.json,,no components
ESGF@esgf-test-suite_sbom.json,,no components
ESGF@esgf-utils_sbom.json,,no components
ESGF@esgf.github.io_sbom.json,,no components
ESGF@icnw_sbom.json,,no components
ESGF@output_viewer_sbom.json,,no components
Electro1111@COVID_19_CXR_CLASSIFICATION_sbom.json,,no components
Electrostatics@GIBS_sbom.json,,no components
Electrostatics@VR_sbom.json,,no components
Electrostatics@apbs_sbom.json,pkg:github/docker%3A/#pandoc/core:2.16.2,failed to parse purl into a package with error: purl is missing name
Electrostatics@go2pdb_sbom.json,,no components
EnderWiggin14@ARCHPARSE_sbom.json,,no components
Epi-Info@Epi-Info-iOS_sbom.json,,no components
FNALssi@poly-cmake_sbom.json,,no components
FNCS@fncs_sbom.json,,no components
FUSED-Wind@fusedwind_sbom.json,,no components
FrankieLi@IceNine_sbom.json,,no components
FreeON@spammpack_sbom.json,,no components
FusionRFModelingMachineLearning@genray-cql3d-ml_sbom.json,,no components
GLVis@doxygen_sbom.json,,no components
GSA@.Gov-Content-as-an-API_sbom.json,,no components
GSA@2233-USWDS-Digital-Dashboard_sbom.json,,no components
GSA@2312-Occupancy-Patterns_sbom.json,,no components
GSA@2317-Federal-Coworking-Developmental-Phase-Evaluation_sbom.json,,no components
GSA@ACR-schema_sbom.json,,no components
GSA@AI-Assistant-Pilo_sbom.json,,no components
GSA@AI_Grand_Challenge_For_Resiliency_sbom.json,,no components
GSA@AP-Email-Notifications_sbom.json,,no components
GSA@API-Resources_sbom.json,,no components
GSA@ASP-.NET-Core-Template_sbom.json,,no components
GSA@Acquisition-Supplemental-Regulations_sbom.json,,no components
GSA@AppRatDataDictionary_sbom.json,,no components
GSA@BSP_Mode1_Reportin_sbom.json,,no components
GSA@BrianRPA_sbom.json,,no components
GSA@Broadcast-Message_sbom.json,,no components
GSA@CAP-Documentation_sbom.json,,no components
GSA@CF-Report-Server_sbom.json,,no components
GSA@CIO.gov_sbom.json,,no components
GSA@CSS_2020_text_analysis_sbom.json,,no components
GSA@Canada-USA-Digital-Collaboration_sbom.json,,no components
GSA@Challenge_gov_sbom.json,pkg:hex/bamboo@1.7.1,failed to get coordinates from purl: pkg:hex/bamboo@1.7.1
GSA@Challenge_gov_sbom.json,pkg:hex/bamboo_smtp@2.1.0,failed to get coordinates from purl: pkg:hex/bamboo_smtp@2.1.0
GSA@Challenge_gov_sbom.json,pkg:hex/bcrypt_elixir@2.3.1,failed to get coordinates from purl: pkg:hex/bcrypt_elixir@2.3.1
GSA@Challenge_gov_sbom.json,pkg:hex/browser@0.4.4,failed to get coordinates from purl: pkg:hex/browser@0.4.4
GSA@Challenge_gov_sbom.json,pkg:hex/bunt@1.0.0,failed to get coordinates from purl: pkg:hex/bunt@1.0.0
GSA@Challenge_gov_sbom.json,pkg:hex/certifi@2.12.0,failed to get coordinates from purl: pkg:hex/certifi@2.12.0
GSA@Challenge_gov_sbom.json,pkg:hex/combine@0.10.0,failed to get coordinates from purl: pkg:hex/combine@0.10.0
GSA@Challenge_gov_sbom.json,pkg:hex/comeonin@5.5.1,failed to get coordinates from purl: pkg:hex/comeonin@5.5.1
GSA@Challenge_gov_sbom.json,pkg:hex/cors_plug@3.0.3,failed to get coordinates from purl: pkg:hex/cors_plug@3.0.3
GSA@Challenge_gov_sbom.json,pkg:hex/cowboy@2.13.0,failed to get coordinates from purl: pkg:hex/cowboy@2.13.0
GSA@Challenge_gov_sbom.json,pkg:hex/cowboy_telemetry@0.3.1,failed to get coordinates from purl: pkg:hex/cowboy_telemetry@0.3.1
GSA@Challenge_gov_sbom.json,pkg:hex/cowlib@2.14.0,failed to get coordinates from purl: pkg:hex/cowlib@2.14.0
GSA@Challenge_gov_sbom.json,pkg:hex/credo@1.7.11,failed to get coordinates from purl: pkg:hex/credo@1.7.11
GSA@Challenge_gov_sbom.json,pkg:hex/credo_contrib@0.2.0,failed to get coordinates from purl: pkg:hex/credo_contrib@0.2.0
GSA@Challenge_gov_sbom.json,pkg:hex/credo_envvar@0.1.4,failed to get coordinates from purl: pkg:hex/credo_envvar@0.1.4
GSA@Challenge_gov_sbom.json,pkg:hex/credo_naming@2.1.0,failed to get coordinates from purl: pkg:hex/credo_naming@2.1.0
GSA@Challenge_gov_sbom.json,pkg:hex/crontab@1.1.14,failed to get coordinates from purl: pkg:hex/crontab@1.1.14
GSA@Challenge_gov_sbom.json,pkg:hex/db_connection@2.7.0,failed to get coordinates from purl: pkg:hex/db_connection@2.7.0
GSA@Challenge_gov_sbom.json,pkg:hex/decimal@2.3.0,failed to get coordinates from purl: pkg:hex/decimal@2.3.0
GSA@Challenge_gov_sbom.json,pkg:hex/earmark@1.4.47,failed to get coordinates from purl: pkg:hex/earmark@1.4.47
GSA@Challenge_gov_sbom.json,pkg:hex/ecto@3.12.5,failed to get coordinates from purl: pkg:hex/ecto@3.12.5
GSA@Challenge_gov_sbom.json,pkg:hex/ecto_sql@3.12.1,failed to get coordinates from purl: pkg:hex/ecto_sql@3.12.1
GSA@Challenge_gov_sbom.json,pkg:hex/elixir_make@0.9.0,failed to get coordinates from purl: pkg:hex/elixir_make@0.9.0
GSA@Challenge_gov_sbom.json,pkg:hex/elixir_uuid@1.2.1,failed to get coordinates from purl: pkg:hex/elixir_uuid@1.2.1
GSA@Challenge_gov_sbom.json,pkg:hex/erlport@0.11.0,failed to get coordinates from purl: pkg:hex/erlport@0.11.0
GSA@Challenge_gov_sbom.json,pkg:hex/ex_aws@2.2.5,failed to get coordinates from purl: pkg:hex/ex_aws@2.2.5
GSA@Challenge_gov_sbom.json,pkg:hex/ex_aws_s3@2.5.6,failed to get coordinates from purl: pkg:hex/ex_aws_s3@2.5.6
GSA@Challenge_gov_sbom.json,pkg:hex/ex_check@0.16.0,failed to get coordinates from purl: pkg:hex/ex_check@0.16.0
GSA@Challenge_gov_sbom.json,pkg:hex/excoveralls@0.18.5,failed to get coordinates from purl: pkg:hex/excoveralls@0.18.5
GSA@Challenge_gov_sbom.json,pkg:hex/expo@1.1.0,failed to get coordinates from purl: pkg:hex/expo@1.1.0
GSA@Challenge_gov_sbom.json,pkg:hex/export@0.1.1,failed to get coordinates from purl: pkg:hex/export@0.1.1
GSA@Challenge_gov_sbom.json,pkg:hex/file_system@1.1.0,failed to get coordinates from purl: pkg:hex/file_system@1.1.0
GSA@Challenge_gov_sbom.json,pkg:hex/gen_smtp@0.15.0,failed to get coordinates from purl: pkg:hex/gen_smtp@0.15.0
GSA@Challenge_gov_sbom.json,pkg:hex/gen_stage@1.2.1,failed to get coordinates from purl: pkg:hex/gen_stage@1.2.1
GSA@Challenge_gov_sbom.json,pkg:hex/gettext@0.26.2,failed to get coordinates from purl: pkg:hex/gettext@0.26.2
GSA@Challenge_gov_sbom.json,pkg:hex/hackney@1.20.1,failed to get coordinates from purl: pkg:hex/hackney@1.20.1
GSA@Challenge_gov_sbom.json,pkg:hex/hpax@1.0.2,failed to get coordinates from purl: pkg:hex/hpax@1.0.2
GSA@Challenge_gov_sbom.json,pkg:hex/html_sanitize_ex@1.4.3,failed to get coordinates from purl: pkg:hex/html_sanitize_ex@1.4.3
GSA@Challenge_gov_sbom.json,pkg:hex/httpoison@1.8.2,failed to get coordinates from purl: pkg:hex/httpoison@1.8.2
GSA@Challenge_gov_sbom.json,pkg:hex/idna@6.1.1,failed to get coordinates from purl: pkg:hex/idna@6.1.1
GSA@Challenge_gov_sbom.json,pkg:hex/inet_cidr@1.0.8,failed to get coordinates from purl: pkg:hex/inet_cidr@1.0.8
GSA@Challenge_gov_sbom.json,pkg:hex/jason@1.4.4,failed to get coordinates from purl: pkg:hex/jason@1.4.4
GSA@Challenge_gov_sbom.json,pkg:hex/joken@2.6.2,failed to get coordinates from purl: pkg:hex/joken@2.6.2
GSA@Challenge_gov_sbom.json,pkg:hex/jose@1.11.10,failed to get coordinates from purl: pkg:hex/jose@1.11.10
GSA@Challenge_gov_sbom.json,pkg:hex/logger_json@4.3.0,failed to get coordinates from purl: pkg:hex/logger_json@4.3.0
GSA@Challenge_gov_sbom.json,pkg:hex/metrics@1.0.1,failed to get coordinates from purl: pkg:hex/metrics@1.0.1
GSA@Challenge_gov_sbom.json,pkg:hex/mime@1.6.0,failed to get coordinates from purl: pkg:hex/mime@1.6.0
GSA@Challenge_gov_sbom.json,pkg:hex/mimerl@1.3.0,failed to get coordinates from purl: pkg:hex/mimerl@1.3.0
GSA@Challenge_gov_sbom.json,pkg:hex/mint@1.7.1,failed to get coordinates from purl: pkg:hex/mint@1.7.1
GSA@Challenge_gov_sbom.json,pkg:hex/mix_audit@0.1.4,failed to get coordinates from purl: pkg:hex/mix_audit@0.1.4
GSA@Challenge_gov_sbom.json,pkg:hex/mochiweb@3.2.2,failed to get coordinates from purl: pkg:hex/mochiweb@3.2.2
GSA@Challenge_gov_sbom.json,pkg:hex/money@1.8.0,failed to get coordinates from purl: pkg:hex/money@1.8.0
GSA@Challenge_gov_sbom.json,pkg:hex/nimble_csv@0.7.0,failed to get coordinates from purl: pkg:hex/nimble_csv@0.7.0
GSA@Challenge_gov_sbom.json,pkg:hex/oban@2.13.6,failed to get coordinates from purl: pkg:hex/oban@2.13.6
GSA@Challenge_gov_sbom.json,pkg:hex/parse_trans@3.4.1,failed to get coordinates from purl: pkg:hex/parse_trans@3.4.1
GSA@Challenge_gov_sbom.json,pkg:hex/phoenix@1.5.14,failed to get coordinates from purl: pkg:hex/phoenix@1.5.14
GSA@Challenge_gov_sbom.json,pkg:hex/phoenix_ecto@4.6.3,failed to get coordinates from purl: pkg:hex/phoenix_ecto@4.6.3
GSA@Challenge_gov_sbom.json,pkg:hex/phoenix_html@3.1.0,failed to get coordinates from purl: pkg:hex/phoenix_html@3.1.0
GSA@Challenge_gov_sbom.json,pkg:hex/phoenix_live_reload@1.5.3,failed to get coordinates from purl: pkg:hex/phoenix_live_reload@1.5.3
GSA@Challenge_gov_sbom.json,pkg:hex/phoenix_live_view@0.15.7,failed to get coordinates from purl: pkg:hex/phoenix_live_view@0.15.7
GSA@Challenge_gov_sbom.json,pkg:hex/phoenix_pubsub@2.1.3,failed to get coordinates from purl: pkg:hex/phoenix_pubsub@2.1.3
GSA@Challenge_gov_sbom.json,pkg:hex/plug@1.16.1,failed to get coordinates from purl: pkg:hex/plug@1.16.1
GSA@Challenge_gov_sbom.json,pkg:hex/plug_cowboy@2.7.2,failed to get coordinates from purl: pkg:hex/plug_cowboy@2.7.2
GSA@Challenge_gov_sbom.json,pkg:hex/plug_crypto@1.2.5,failed to get coordinates from purl: pkg:hex/plug_crypto@1.2.5
GSA@Challenge_gov_sbom.json,pkg:hex/poison@3.1.0,failed to get coordinates from purl: pkg:hex/poison@3.1.0
GSA@Challenge_gov_sbom.json,pkg:hex/porcelain@2.0.3,failed to get coordinates from purl: pkg:hex/porcelain@2.0.3
GSA@Challenge_gov_sbom.json,pkg:hex/postgrex@0.20.0,failed to get coordinates from purl: pkg:hex/postgrex@0.20.0
GSA@Challenge_gov_sbom.json,pkg:hex/quantum@3.5.3,failed to get coordinates from purl: pkg:hex/quantum@3.5.3
GSA@Challenge_gov_sbom.json,pkg:hex/ranch@2.2.0,failed to get coordinates from purl: pkg:hex/ranch@2.2.0
GSA@Challenge_gov_sbom.json,pkg:hex/remote_ip@0.2.1,failed to get coordinates from purl: pkg:hex/remote_ip@0.2.1
GSA@Challenge_gov_sbom.json,pkg:hex/sobelow@0.13.0,failed to get coordinates from purl: pkg:hex/sobelow@0.13.0
GSA@Challenge_gov_sbom.json,pkg:hex/ssl_verify_fun@1.1.7,failed to get coordinates from purl: pkg:hex/ssl_verify_fun@1.1.7
GSA@Challenge_gov_sbom.json,pkg:hex/stein@0.5.4,failed to get coordinates from purl: pkg:hex/stein@0.5.4
GSA@Challenge_gov_sbom.json,pkg:hex/stein_storage@0.1.0,failed to get coordinates from purl: pkg:hex/stein_storage@0.1.0
GSA@Challenge_gov_sbom.json,pkg:hex/sweet_xml@0.6.6,failed to get coordinates from purl: pkg:hex/sweet_xml@0.6.6
GSA@Challenge_gov_sbom.json,pkg:hex/telemetry@0.4.3,failed to get coordinates from purl: pkg:hex/telemetry@0.4.3
GSA@Challenge_gov_sbom.json,pkg:hex/telemetry_registry@0.2.1,failed to get coordinates from purl: pkg:hex/telemetry_registry@0.2.1
GSA@Challenge_gov_sbom.json,pkg:hex/tesla@1.12.3,failed to get coordinates from purl: pkg:hex/tesla@1.12.3
GSA@Challenge_gov_sbom.json,pkg:hex/text_delta@1.1.0,failed to get coordinates from purl: pkg:hex/text_delta@1.1.0
GSA@Challenge_gov_sbom.json,pkg:hex/timex@3.7.11,failed to get coordinates from purl: pkg:hex/timex@3.7.11
GSA@Challenge_gov_sbom.json,pkg:hex/tzdata@1.1.2,failed to get coordinates from purl: pkg:hex/tzdata@1.1.2
GSA@Challenge_gov_sbom.json,pkg:hex/unicode_util_compat@0.7.0,failed to get coordinates from purl: pkg:hex/unicode_util_compat@0.7.0
GSA@Challenge_gov_sbom.json,pkg:hex/waffle@1.1.9,failed to get coordinates from purl: pkg:hex/waffle@1.1.9
GSA@Challenge_gov_sbom.json,pkg:hex/waffle_ecto@0.0.12,failed to get coordinates from purl: pkg:hex/waffle_ecto@0.0.12
GSA@Challenge_gov_sbom.json,pkg:hex/wallaby@0.29.1,failed to get coordinates from purl: pkg:hex/wallaby@0.29.1
GSA@Challenge_gov_sbom.json,pkg:hex/web_driver_client@0.2.0,failed to get coordinates from purl: pkg:hex/web_driver_client@0.2.0
GSA@Challenge_gov_sbom.json,pkg:hex/xml_builder@2.1.4,failed to get coordinates from purl: pkg:hex/xml_builder@2.1.4
GSA@Challenge_gov_sbom.json,pkg:hex/yamerl@0.10.0,failed to get coordinates from purl: pkg:hex/yamerl@0.10.0
GSA@Challenge_gov_sbom.json,pkg:hex/yaml_elixir@2.4.0,failed to get coordinates from purl: pkg:hex/yaml_elixir@2.4.0
GSA@CoE-MPT-process_sbom.json,,no components
GSA@CoE-MPT-template_sbom.json,,no components
GSA@CoE-MPT_sbom.json,,no components
GSA@Controlled-Document-Tracker_sbom.json,,no components
GSA@CorpIT-CC_Migration_Sandbox_sbom.json,,no components
GSA@CorpIT-CloudSandbox_sbom.json,,no components
GSA@CorpIT-ScreeningTool_sbom.json,,no components
GSA@Credit_Card_Logging_Bo_sbom.json,,no components
GSA@Crowdsource-Testing-ABMC.gov_sbom.json,,no components
GSA@Crowdsource-Testing-CIO.gov_sbom.json,,no components
GSA@Crowdsource-Testing-Central-Artifact-Repository_sbom.json,,no components
GSA@Crowdsource-Testing-Connect.gov_3-2015_sbom.json,,no components
GSA@Crowdsource-Testing-DFAS.mil_sbom.json,,no components
GSA@Crowdsource-Testing-DHS.gov_9_2016_sbom.json,,no components
GSA@Crowdsource-Testing-FTC-IdentityTheft.gov_11-2015_sbom.json,,no components
GSA@Crowdsource-Testing-Federal-Crowdsourcing-and-Citizen-Science-Toolkit_8-2015_sbom.json,,no components
GSA@Crowdsource-Testing-HHS-ACF.gov_sbom.json,,no components
GSA@Crowdsource-Testing-HHS-MAIN_sbom.json,,no components
GSA@Crowdsource-Testing-NIH-HCI-1-2015_sbom.json,,no components
GSA@Crowdsource-Testing-NOAA-CrowdMa_sbom.json,,no components
GSA@Crowdsource-Testing-NOAA-CrowdMag--iOS_sbom.json,,no components
GSA@Crowdsource-Testing-SBA.gov_7-2015_sbom.json,,no components
GSA@Crowdsource-Testing-TSA.GOV_9-2015_sbom.json,,no components
GSA@Crowdsource-Testing-USCIS.gov_2_2016_sbom.json,,no components
GSA@Crowdsource-Testing-USDA_FSIS_sbom.json,,no components
GSA@DBMW-Inventory-Repo_sbom.json,,no components
GSA@DBMW-Tower-Inventory_sbom.json,,no components
GSA@DOTGOVDASH-archived_sbom.json,pkg:generic/node@8.12.0,failed to get coordinates from purl: pkg:generic/node@8.12.0
GSA@DSSAPIDocumentation_sbom.json,,no components
GSA@DataBeam_sbom.json,,no components
GSA@DevSecOps-Mgmt-Tools-Deploy_sbom.json,,no components
GSA@DevSecOps_sbom.json,,no components
GSA@Developer-Feedback-for-Government-APIs_sbom.json,,no components
GSA@Digital-Council_sbom.json,,no components
GSA@Digital-Innovation-Division_sbom.json,,no components
GSA@DigitalCXAnalyzer_sbom.json,,no components
GSA@EDX-chrome-extension_sbom.json,,no components
GSA@EDX-github-action_sbom.json,,no components
GSA@FAS-Chargebacks-Data-Capture-Tool_sbom.json,,no components
GSA@FBO-SplashPage_sbom.json,,no components
GSA@FM-CCS_sbom.json,,no components
GSA@FM-Credit-and-Finance_sbom.json,,no components
GSA@FM-FMITwebdesign_sbom.json,,no components
GSA@FM-FedPay-Prototype_sbom.json,,no components
GSA@FPKI_AR_Submissions_sbom.json,,no components
GSA@FedCMS-Slider_sbom.json,,no components
GSA@FederalHierarchy-Crosswalk_sbom.json,,no components
GSA@GEAR-Center-RFI-Responses_sbom.json,,no components
GSA@GEAR-Documentation_sbom.json,,no components
GSA@GSA-2015-Fall_sbom.json,,no components
GSA@GSA-APIs_sbom.json,,no components
GSA@GSA-Acquisition-AFARS_sbom.json,,no components
GSA@GSA-Acquisition-AGAR_sbom.json,,no components
GSA@GSA-Acquisition-AIDAR_sbom.json,,no components
GSA@GSA-Acquisition-CAR_sbom.json,,no components
GSA@GSA-Acquisition-CASBAR_sbom.json,,no components
GSA@GSA-Acquisition-DAFFARS_sbom.json,,no components
GSA@GSA-Acquisition-DARS_sbom.json,,no components
GSA@GSA-Acquisition-DEAR_sbom.json,,no components
GSA@GSA-Acquisition-DFARS_sbom.json,,no components
GSA@GSA-Acquisition-DIAR_sbom.json,,no components
GSA@GSA-Acquisition-DLAD_sbom.json,,no components
GSA@GSA-Acquisition-DOLAR_sbom.json,,no components
GSA@GSA-Acquisition-DOSAR_sbom.json,,no components
GSA@GSA-Acquisition-DTAR_sbom.json,,no components
GSA@GSA-Acquisition-EDAR_sbom.json,,no components
GSA@GSA-Acquisition-EPAAR_sbom.json,,no components
GSA@GSA-Acquisition-FAR_sbom.json,,no components
GSA@GSA-Acquisition-FEHBAR_sbom.json,,no components
GSA@GSA-Acquisition-GSAM_sbom.json,,no components
GSA@GSA-Acquisition-HHSAR_sbom.json,,no components
GSA@GSA-Acquisition-HSAR_sbom.json,,no components
GSA@GSA-Acquisition-HUDAR_sbom.json,,no components
GSA@GSA-Acquisition-IAAR_sbom.json,,no components
GSA@GSA-Acquisition-JAR_sbom.json,,no components
GSA@GSA-Acquisition-LIFAR_sbom.json,,no components
GSA@GSA-Acquisition-NFS_sbom.json,,no components
GSA@GSA-Acquisition-NMCARS_sbom.json,,no components
GSA@GSA-Acquisition-NRCAR_sbom.json,,no components
GSA@GSA-Acquisition-SOFARS_sbom.json,,no components
GSA@GSA-Acquisition-TAR_sbom.json,,no components
GSA@GSA-Acquisition-VAAR_sbom.json,,no components
GSA@GSA-Digital-Innovation_sbom.json,,no components
GSA@GSA-FAR-Tes_sbom.json,,no components
GSA@GSA-Fall-Hackathon-GHG_sbom.json,,no components
GSA@GSA-RPA-Example-Bots-_sbom.json,,no components
GSA@GSA-RPA-Standard_sbom.json,,no components
GSA@GSA-UX-UI-Playbook_sbom.json,,no components
GSA@GSA-team-5_sbom.json,,no components
GSA@GSADigitalService_sbom.json,,no components
GSA@GSAOpenSourceImplementation_sbom.json,,no components
GSA@GitHub-Administration_sbom.json,,no components
GSA@GovCXAI4VoCLab_sbom.json,,no components
GSA@HISP-CX-Analysis_sbom.json,,no components
GSA@HISP-CX-Data_sbom.json,,no components
GSA@HRIT-LA-URS-3.1_sbom.json,,no components
GSA@HRIT-LA-URS_sbom.json,,no components
GSA@HRM-Case-Managemen_sbom.json,,no components
GSA@HRQSMO_sbom.json,,no components
GSA@Hackathon-Team-10_sbom.json,,no components
GSA@Holiday-Utility_sbom.json,,no components
GSA@IAE-Architecture_sbom.json,,no components
GSA@IMD-ePMR-Dashboard-Reporting-Sub-team_sbom.json,,no components
GSA@IMD_sbom.json,,no components
GSA@INFORM-Pilo_sbom.json,,no components
GSA@ISE-Security-Benchmark-GPOs_sbom.json,,no components
GSA@ITDB-schema_sbom.json,,no components
GSA@InteragencyCollaboration_sbom.json,,no components
GSA@LAMP-CentOS-with-Vagran_sbom.json,,no components
GSA@Lightweight-Trigger-Framework_sbom.json,,no components
GSA@MD-Automated-Text-Analysis_sbom.json,,no components
GSA@MD-GitHub-Admin_sbom.json,,no components
GSA@MD-website-dym_sbom.json,,no components
GSA@Membership-Utility_sbom.json,,no components
GSA@Mobile-Code-Catalo_sbom.json,,no components
GSA@Mobile-Web-Manual-Testing-Scrip_sbom.json,,no components
GSA@NAP-Sta_sbom.json,,no components
GSA@NewPay_sbom.json,,no components
GSA@ODC-SPID_sbom.json,,no components
GSA@OMB-Max-Auth-for-Salesforce_sbom.json,,no components
GSA@Open-And-Structured-Content-Models_sbom.json,,no components
GSA@Open-Data-Collaboration-Sandbox_sbom.json,,no components
GSA@Open311-Forms-Engine_sbom.json,,no components
GSA@Opportunities-api-docs_sbom.json,,no components
GSA@PD-Library_sbom.json,,no components
GSA@PSHC_Applets_sbom.json,,no components
GSA@Payroll-Reportin_sbom.json,,no components
GSA@Performance.gov-Maintenance_sbom.json,,no components
GSA@PerformanceGov-RFI_sbom.json,,no components
GSA@PricesPaidAPI_sbom.json,,no components
GSA@Project-360-Executive-Business-Case_sbom.json,,no components
GSA@PyZ3950_sbom.json,,no components
GSA@Python-Server-Instructions_sbom.json,,no components
GSA@RPA-FASChargeback_sbom.json,,no components
GSA@RPA-FASDelinquency_sbom.json,,no components
GSA@RPA-OSS_sbom.json,,no components
GSA@RPA-Sandbox_sbom.json,,no components
GSA@RPA-ULO_sbom.json,,no components
GSA@Receiving-Reports-for-Recurring-Services---Phase-1_sbom.json,,no components
GSA@Reinvestigation_sbom.json,,no components
GSA@SF-Event-Monitoring-Log-Retrieval_sbom.json,,no components
GSA@SF-Katalon-NCMT-Projec_sbom.json,,no components
GSA@SF-reCAPTCHA-Enterprise_sbom.json,,no components
GSA@SMR-site-embed_sbom.json,,no components
GSA@Salesforce-Communities-Login_sbom.json,,no components
GSA@Section508_sbom.json,,no components
GSA@SmartPay-RFI_sbom.json,,no components
GSA@SmartPay-RFQ_sbom.json,,no components
GSA@StrategicAtlas_sbom.json,,no components
GSA@TDE_sbom.json,,no components
GSA@Template-Microsite_sbom.json,,no components
GSA@Tenant-Satisfaction-Survey_sbom.json,,no components
GSA@The-AI-Community-of-Practice_sbom.json,,no components
GSA@US-performance-reportin_sbom.json,,no components
GSA@USA.gov-API-Integration_sbom.json,,no components
GSA@Ventera-GSAHackathon_sbom.json,,no components
GSA@Very-Simple-API-2_sbom.json,,no components
GSA@Very-Simple-API_sbom.json,,no components
GSA@WDOL-SPLASH-PAGE_sbom.json,,no components
GSA@acq-policy-analaysis_sbom.json,,no components
GSA@ag-ap_sbom.json,,no components
GSA@agile_accelerator_admin_guide_sbom.json,,no components
GSA@alpha-data-dot-gov_sbom.json,,no components
GSA@angular-toasty_sbom.json,,no components
GSA@ansible-bigfix_sbom.json,,no components
GSA@ansible-bit9_sbom.json,,no components
GSA@ansible-cloudwatch_sbom.json,,no components
GSA@ansible-cylance_sbom.json,,no components
GSA@ansible-elastaler_sbom.json,,no components
GSA@ansible-endgame_sbom.json,,no components
GSA@ansible-fireeye_sbom.json,,no components
GSA@ansible-firstboo_sbom.json,,no components
GSA@ansible-forescou_sbom.json,,no components
GSA@ansible-https-proxy_sbom.json,,no components
GSA@ansible-microstrategy_sbom.json,,no components
GSA@ansible-nessus_sbom.json,,no components
GSA@ansible-os-amazon-linux2-eks_sbom.json,,no components
GSA@ansible-os-amazon-linux2_sbom.json,,no components
GSA@ansible-os-rhel-6_sbom.json,,no components
GSA@ansible-os-rhel-7_sbom.json,,no components
GSA@ansible-os-rhel7_sbom.json,,no components
GSA@ansible-os-rhel8_sbom.json,,no components
GSA@ansible-os-rhel9_sbom.json,,no components
GSA@ansible-os-ubuntu-14_sbom.json,,no components
GSA@ansible-os-ubuntu-16_sbom.json,,no components
GSA@ansible-os-ubuntu18_sbom.json,,no components
GSA@ansible-os-ubuntu20_sbom.json,,no components
GSA@ansible-os-ubuntu22_sbom.json,,no components
GSA@ansible-os-win-2016_sbom.json,,no components
GSA@ansible-os-win-2019_sbom.json,,no components
GSA@ansible-osquery_sbom.json,,no components
GSA@ansible-rhel-domain_sbom.json,,no components
GSA@ansible-role-jenkins_sbom.json,,no components
GSA@ansible-role-kolide-flee_sbom.json,,no components
GSA@ansible-role-nessus-agen_sbom.json,,no components
GSA@ansible-role-repo-webtatic_sbom.json,,no components
GSA@ansible-snare_sbom.json,,no components
GSA@ansible-solarwinds_sbom.json,,no components
GSA@ansible-tomca_sbom.json,,no components
GSA@ansible-vrealize_orchestrator_sbom.json,,no components
GSA@apache-log-parser_sbom.json,,no components
GSA@api-doco-with-uswds_sbom.json,,no components
GSA@api-documentation-template-old_sbom.json,,no components
GSA@api-documentation-template_sbom.json,,no components
GSA@api-standards_sbom.json,,no components
GSA@api.data.gov-design_sbom.json,,no components
GSA@arcgis-map_sbom.json,,no components
GSA@auctions_ap_sbom.json,,no components
GSA@aws-account-broker_sbom.json,,no components
GSA@aws-cis-scanner_sbom.json,,no components
GSA@back-soon_sbom.json,,no components
GSA@benchmarking-validation-reports_sbom.json,,no components
GSA@benefits-mockup_sbom.json,,no components
GSA@bigfix_sbom.json,,no components
GSA@bwp-external-links_sbom.json,,no components
GSA@catalog-db_sbom.json,,no components
GSA@catalog-nginx_sbom.json,,no components
GSA@catalog-pycsw_sbom.json,,no components
GSA@catalog-scheduler_sbom.json,,no components
GSA@catalog-solr_sbom.json,,no components
GSA@cautious_sbom.json,,no components
GSA@cg-deploy-concourse_sbom.json,,no components
GSA@cg-pipelines_sbom.json,,no components
GSA@chef-cookbook-ruby-n_sbom.json,,no components
GSA@ci-phpunit-tes_sbom.json,,no components
GSA@cio-council_sbom.json,,no components
GSA@cio-gov-application-rationalization-playbook_sbom.json,,no components
GSA@ckanext-collections_sbom.json,,no components
GSA@ckanext-extlink_sbom.json,,no components
GSA@ckanext-react_usmetadata_sbom.json,,no components
GSA@ckanext-repor_sbom.json,,no components
GSA@ckanext-saml2_sbom.json,,no components
GSA@ckanext-security_sbom.json,,no components
GSA@ckanphpimpor_sbom.json,,no components
GSA@ckanpyimpor_sbom.json,,no components
GSA@cloud-identity-playbook_sbom.json,,no components
GSA@cloud_sbom.json,,no components
GSA@cloudgov-demo-postgres_sbom.json,,no components
GSA@cloudwatch-ansible-callback-plugin_sbom.json,,no components
GSA@code-central_sbom.json,,no components
GSA@code-gov-admintool_sbom.json,,no components
GSA@code-gov-coding-languages_sbom.json,,no components
GSA@code-gov-data_sbom.json,,no components
GSA@code-gov-fon_sbom.json,,no components
GSA@code-gov-fscp-react-componen_sbom.json,,no components
GSA@code-gov-gitsecretpatterns_sbom.json,,no components
GSA@code-gov-open-source-toolk_sbom.json,,no components
GSA@code-gov-repo-template_sbom.json,,no components
GSA@code-gov-repos-parser_sbom.json,,no components
GSA@code-gov_sbom.json,,no components
GSA@code-reporting-tools_sbom.json,,no components
GSA@codeinventory-metadata-generator_sbom.json,,no components
GSA@coe-acquisitions_sbom.json,,no components
GSA@coe-cpsc-acquisitions_sbom.json,,no components
GSA@coe-discovery-bpa_sbom.json,,no components
GSA@coe-dol-acquisitions_sbom.json,,no components
GSA@coe-fda-acquisitions_sbom.json,,no components
GSA@coe-gao-acquisitions_sbom.json,,no components
GSA@coe-hud-acq-advanced-analytics_sbom.json,,no components
GSA@coe-hud-acq-agency-wide-cx_sbom.json,,no components
GSA@coe-hud-acq-data-visualization_sbom.json,,no components
GSA@coe-hud-acq-faas-erm-ide_sbom.json,,no components
GSA@coe-hud-acq-hudcentral_sbom.json,,no components
GSA@coe-hud-acq-ocdo_sbom.json,,no components
GSA@coe-hud-acquisitions_sbom.json,,no components
GSA@coe-industry-day_sbom.json,,no components
GSA@coe-jaic-acquisitions_sbom.json,,no components
GSA@coe-nichd-acquisitions_sbom.json,,no components
GSA@coe-opm-acquisitions_sbom.json,,no components
GSA@coe-opm-app-replacemen_sbom.json,,no components
GSA@coe-opm-calculation-service_sbom.json,,no components
GSA@coe-opm-dbpa-data-store_sbom.json,,no components
GSA@coe-opm-mainframe-dr-plan_sbom.json,,no components
GSA@compliance-dashboard-web-componen_sbom.json,,no components
GSA@compliance-docs_sbom.json,,no components
GSA@cookbook-elasticsearch_sbom.json,,no components
GSA@cooking-with-gas_sbom.json,,no components
GSA@covid-screener-gsa.gov_sbom.json,,no components
GSA@css-logit-regression_sbom.json,,no components
GSA@cto-sandbox-tools_sbom.json,,no components
GSA@custom-contact-forms_sbom.json,,no components
GSA@custom-content-type-manager_sbom.json,,no components
GSA@custom-permalinks_sbom.json,,no components
GSA@custom-post-view-generator_sbom.json,,no components
GSA@cx-working-group_sbom.json,,no components
GSA@cx.gsa.gov_sbom.json,,no components
GSA@data-json_sbom.json,,no components
GSA@data-strategy-classification_sbom.json,,no components
GSA@data-strategy-topic-modelin_sbom.json,,no components
GSA@data.gov-styleguide_sbom.json,,no components
GSA@data.json-template_sbom.json,,no components
GSA@data_gov_json_validator_sbom.json,,no components
GSA@data_sbom.json,,no components
GSA@datafiles-wordpress-plugin_sbom.json,,no components
GSA@datagov-bosh_sbom.json,,no components
GSA@datagov-cf-cron_sbom.json,,no components
GSA@datagov-compliance_sbom.json,,no components
GSA@datagov-custom_sbom.json,,no components
GSA@datagov-datapusher_sbom.json,,no components
GSA@datagov-deploy-apache2_sbom.json,,no components
GSA@datagov-deploy-c_sbom.json,,no components
GSA@datagov-deploy-ckan-inventory_sbom.json,,no components
GSA@datagov-deploy-ckan_sbom.json,,no components
GSA@datagov-deploy-common_sbom.json,,no components
GSA@datagov-deploy-crm_sbom.json,,no components
GSA@datagov-deploy-dashboard_sbom.json,,no components
GSA@datagov-deploy-elasticsearch_sbom.json,,no components
GSA@datagov-deploy-jenkins_sbom.json,,no components
GSA@datagov-deploy-jetty_sbom.json,,no components
GSA@datagov-deploy-jumpbox_sbom.json,,no components
GSA@datagov-deploy-mysql_sbom.json,,no components
GSA@datagov-deploy-nginx_sbom.json,,no components
GSA@datagov-deploy-php_sbom.json,,no components
GSA@datagov-deploy-postgresql_sbom.json,,no components
GSA@datagov-deploy-pycsw_sbom.json,,no components
GSA@datagov-deploy-python-app_sbom.json,,no components
GSA@datagov-deploy-redis_sbom.json,,no components
GSA@datagov-deploy-solr_sbom.json,,no components
GSA@datagov-deploy-wordpress_sbom.json,,no components
GSA@datagov-design_sbom.json,,no components
GSA@datagov-docker_sbom.json,,no components
GSA@datagov-filestore-landin_sbom.json,,no components
GSA@datagov-harvester-airflow_sbom.json,,no components
GSA@datagov-harvester-test-aws_sbom.json,,no components
GSA@datagov-harvester-test-cloudgov_sbom.json,,no components
GSA@datagov-infrastructure-modules_sbom.json,,no components
GSA@datagov-infrastructure_sbom.json,,no components
GSA@datagov-load-testin_sbom.json,,no components
GSA@datagov-presentations_sbom.json,,no components
GSA@datagov-terraform-ecs-solr_sbom.json,,no components
GSA@datagov-tf-eks-helm_sbom.json,,no components
GSA@datagov-wptheme_sbom.json,,no components
GSA@db-to-ap_sbom.json,,no components
GSA@developers_sbom.json,,no components
GSA@devsecops-cloud-custodian-rules_sbom.json,,no components
GSA@devsecops-ebs-backup_sbom.json,,no components
GSA@devsecops-ekk-stack_sbom.json,,no components
GSA@devsecops-example-prod_sbom.json,,no components
GSA@devsecops-example_sbom.json,,no components
GSA@devsecops-flee_sbom.json,,no components
GSA@devsecops-iam-roles_sbom.json,,no components
GSA@devsecops-jenkins_sbom.json,,no components
GSA@devsecops-subaccount-admin_sbom.json,,no components
GSA@devtraining-needit-quebec_sbom.json,,no components
GSA@devtraining-needit-sandiego-1_sbom.json,,no components
GSA@devtraining-needit-sandiego_sbom.json,,no components
GSA@digital-governance-outline_sbom.json,,no components
GSA@digital-strategy-drupal-module_sbom.json,,no components
GSA@digital-strategy-report-generator_sbom.json,,no components
GSA@digital-strategy_sbom.json,,no components
GSA@digital.gov-design_sbom.json,,no components
GSA@digital.gov-hugo_sbom.json,,no components
GSA@digital.gov_sbom.json,,no components
GSA@digitalgov-chrome_sbom.json,,no components
GSA@digitalgov-wordpress_sbom.json,,no components
GSA@dns_sbom.json,,no components
GSA@dspg-summit-2018_sbom.json,,no components
GSA@dx-pgadmin_sbom.json,,no components
GSA@eMuseum-API_sbom.json,,no components
GSA@ec2-broker_sbom.json,,no components
GSA@embedding-data-catalogs_sbom.json,,no components
GSA@enterprise-data-inventory_sbom.json,,no components
GSA@environment-followerphase-production_sbom.json,,no components
GSA@environment-followerphase-stagin_sbom.json,,no components
GSA@fail2ban_sbom.json,,no components
GSA@fake-data_sbom.json,,no components
GSA@fas-styles_sbom.json,,no components
GSA@fckeditor_sbom.json,,no components
GSA@federal-apis_sbom.json,,no components
GSA@federal-apps-gallery-widgets_sbom.json,,no components
GSA@federal-open-source-repos-php_sbom.json,,no components
GSA@federal-privacy-council_sbom.json,,no components
GSA@fedramp-a_sbom.json,,no components
GSA@fedramp-oscal-earlyadopters_sbom.json,,no components
GSA@fedramp_sbom.json,,no components
GSA@ficam-access_sbom.json,,no components
GSA@ficam-arch_sbom.json,,no components
GSA@ficam-federation_sbom.json,,no components
GSA@ficam-identity_sbom.json,,no components
GSA@ficam-managemen_sbom.json,,no components
GSA@ficam-pacs_sbom.json,,no components
GSA@ficam-scripts-public_sbom.json,,no components
GSA@formk8s_sbom.json,,no components
GSA@fpki-guides_sbom.json,,no components
GSA@frntmttr_sbom.json,,no components
GSA@front-matter-editor_sbom.json,,no components
GSA@fssi-file-processor-gu_sbom.json,,no components
GSA@general-hackathon-administration_sbom.json,,no components
GSA@geoip-auto-update_sbom.json,,no components
GSA@git-quick-star_sbom.json,,no components
GSA@github-federal-stats_sbom.json,,no components
GSA@go.usa.gov_sbom.json,,no components
GSA@gogogon_sbom.json,,no components
GSA@governmentwide-classifications_sbom.json,,no components
GSA@govt-urls_sbom.json,,no components
GSA@grace-account-lockou_sbom.json,,no components
GSA@grace-alertin_sbom.json,,no components
GSA@grace-ansible-batch_sbom.json,,no components
GSA@grace-ansible-notifier_sbom.json,,no components
GSA@grace-ansible-template_sbom.json,,no components
GSA@grace-cites_sbom.json,,no components
GSA@grace-cloudcustodian_sbom.json,,no components
GSA@grace-conf_sbom.json,,no components
GSA@grace-decider_sbom.json,,no components
GSA@grace-ecr_sbom.json,,no components
GSA@grace-example_sbom.json,,no components
GSA@grace-fcs-network_sbom.json,,no components
GSA@grace-iam_sbom.json,,no components
GSA@grace-loggin_sbom.json,,no components
GSA@grace-paas-backup_sbom.json,,no components
GSA@grace-paas-dns_sbom.json,,no components
GSA@grace-paas-elb_sbom.json,,no components
GSA@grace-rhel-am_sbom.json,,no components
GSA@grace-sqs-poc_sbom.json,,no components
GSA@grace-style-guide_sbom.json,,no components
GSA@grace-template_sbom.json,,no components
GSA@grace-tenant-cleanup_sbom.json,,no components
GSA@grace-tf-module-budge_sbom.json,,no components
GSA@grace-tf-module-member-accoun_sbom.json,,no components
GSA@grace-ubuntu-am_sbom.json,,no components
GSA@gsa-auth-web_sbom.json,,no components
GSA@gsa-digitial-innovation-hackathon_sbom.json,,no components
GSA@gsa-hackathon-t4_sbom.json,,no components
GSA@gsa-hackathon_sbom.json,,no components
GSA@gtcop-wik_sbom.json,,no components
GSA@hackathon-acquisition-gateway_sbom.json,,no components
GSA@hackathon-frpp_sbom.json,,no components
GSA@hackathon-gsait-service-desk_sbom.json,,no components
GSA@hackathon-hrlinks_sbom.json,,no components
GSA@hello-world_sbom.json,,no components
GSA@icam-fisma_sbom.json,,no components
GSA@icew-static-sandbox_sbom.json,,no components
GSA@icew-tes_sbom.json,,no components
GSA@idm_sbom.json,,no components
GSA@inactive-logou_sbom.json,,no components
GSA@infrastructure-agent-ansible_sbom.json,,no components
GSA@instant-comment-validation_sbom.json,,no components
GSA@inventory-solr_sbom.json,,no components
GSA@ise-ansible-nessus-agen_sbom.json,,no components
GSA@ise-hardened-docker-example_sbom.json,,no components
GSA@ise-jenkins-shared-library_sbom.json,,no components
GSA@itcollect-data-capture-schemas_sbom.json,,no components
GSA@jekyll-centos-deploy_sbom.json,,no components
GSA@jenkins-deploy_sbom.json,,no components
GSA@jenkins-shared-library-examples_sbom.json,,no components
GSA@json-schema-web-componen_sbom.json,,no components
GSA@labs-html_sbom.json,,no components
GSA@labs_sbom.json,,no components
GSA@laptop-managemen_sbom.json,,no components
GSA@legacy-fedramp-website_sbom.json,,no components
GSA@logger-codeigniter_sbom.json,,no components
GSA@logo_sbom.json,,no components
GSA@lynis_sbom.json,,no components
GSA@machine-readable-TTS_sbom.json,,no components
GSA@made-in-america-static-assets_sbom.json,,no components
GSA@marketplace-fedramp-gov-data_sbom.json,,no components
GSA@matter-maker_sbom.json,,no components
GSA@max-gov_sbom.json,,no components
GSA@metric-coun_sbom.json,,no components
GSA@miniature-telegram_sbom.json,,no components
GSA@mobile-fu_sbom.json,,no components
GSA@msg_project_template_sbom.json,,no components
GSA@mygov-account-php-sdk_sbom.json,,no components
GSA@mygov-admin-tasks_sbom.json,,no components
GSA@mygov-bar_sbom.json,,no components
GSA@mygov-feedback-reportin_sbom.json,,no components
GSA@mygov-mobile-first-foundation_sbom.json,,no components
GSA@mysql_to_cloudwatch_sbom.json,,no components
GSA@nodejs_sbom.json,,no components
GSA@oauth2_proxy_sbom.json,,no components
GSA@odp-aml2-eks-worker-node-hardening-role_sbom.json,,no components
GSA@odp-aml2-os-hardening-role_sbom.json,,no components
GSA@odp-anchore-poc_sbom.json,,no components
GSA@odp-ansible-bit9_sbom.json,,no components
GSA@odp-ansible-cis-docker_sbom.json,,no components
GSA@odp-ansible-cis-eks-worker_sbom.json,,no components
GSA@odp-ansible-cylance_sbom.json,,no components
GSA@odp-ansible-endgame_sbom.json,,no components
GSA@odp-ansible-fireeye_sbom.json,pkg:rpm/xagt@34.28.6-1.el7?arch=x86_64&epoch=0&upstream=xagt-34.28.6-1.el7.src.rpm,failed to get coordinates from purl: pkg:rpm/xagt@34.28.6-1.el7?arch=x86_64&epoch=0&upstream=xagt-34.28.6-1.el7.src.rpm
GSA@odp-ansible-windows2019_sbom.json,,no components
GSA@odp-ansible-winlogbea_sbom.json,,no components
GSA@odp-aws-secretsmanager-poc_sbom.json,,no components
GSA@odp-container-audit-log-best-practice_sbom.json,,no components
GSA@odp-eks-sample_sbom.json,,no components
GSA@odp-gcp-project-setup_sbom.json,,no components
GSA@odp-image-build-example_sbom.json,,no components
GSA@odp-jenkins-jte_sbom.json,,no components
GSA@odp-k8s-elastic-agen_sbom.json,,no components
GSA@odp-packer-ubuntu-eks_sbom.json,,no components
GSA@odp-terraform-validator-example_sbom.json,,no components
GSA@odp-testowner_sbom.json,,no components
GSA@odp-tf-anchore-deps_sbom.json,,no components
GSA@odp-tf-aws-ref-arch-cloudwatch-monitorin_sbom.json,,no components
GSA@odp-tf-aws-ref-arch-conf_sbom.json,,no components
GSA@odp-tf-aws-ref-arch-guardduty_sbom.json,,no components
GSA@odp-tf-aws-ref-arch-iam_sbom.json,,no components
GSA@odp-tf-google-appengine_sbom.json,,no components
GSA@odp-tf-prisma-deps_sbom.json,,no components
GSA@oes-msg-voting_description_sbom.json,,no components
GSA@oescolorrrs_sbom.json,,no components
GSA@open-data-program-template_sbom.json,,no components
GSA@open-source-policy_sbom.json,,no components
GSA@open.gsa.gov.github.io_sbom.json,,no components
GSA@open.usa.gov_sbom.json,,no components
GSA@open311-github_sbom.json,,no components
GSA@open311-proxy_sbom.json,,no components
GSA@opengovplan_sbom.json,,no components
GSA@opensource-framework_sbom.json,,no components
GSA@openstack-ansible-security_sbom.json,,no components
GSA@opp-code-gov-web_sbom.json,,no components
GSA@opp-federalis_sbom.json,,no components
GSA@os3_taxonomy_constructor_sbom.json,,no components
GSA@oscal-poam-to-excel_sbom.json,,no components
GSA@participate-nap4_sbom.json,,no components
GSA@participation-playbook_sbom.json,,no components
GSA@pdi-etl_sbom.json,,no components
GSA@piv-guides_sbom.json,,no components
GSA@pod-schema-variants_sbom.json,,no components
GSA@pr-tes_sbom.json,,no components
GSA@privacy-pages_sbom.json,,no components
GSA@prototype-city-pairs-api-documentation_sbom.json,,no components
GSA@pulse-survey-analysis_sbom.json,,no components
GSA@q-and-a_sbom.json,,no components
GSA@rails-google-visualization-plugin_sbom.json,,no components
GSA@recruiter_sbom.json,,no components
GSA@research-portal_sbom.json,,no components
GSA@resque-priority_sbom.json,,no components
GSA@restrict-categories_sbom.json,,no components
GSA@rmarkdown-discussion_sbom.json,,no components
GSA@rocis-eda_sbom.json,,no components
GSA@ruby-cloudfiles_sbom.json,,no components
GSA@rvm1-ansible_sbom.json,,no components
GSA@sam-cfda-site_sbom.json,,no components
GSA@sam-maintenance_sbom.json,,no components
GSA@sam-static-conten_sbom.json,,no components
GSA@sam-ui-elements_sbom.json,,no components
GSA@saml-20-single-sign-on_sbom.json,,no components
GSA@sbchrist.github.io_sbom.json,,no components
GSA@sdg-indicators-archive_sbom.json,,no components
GSA@sdg-indicators_sbom.json,,no components
GSA@sdg-theme_sbom.json,,no components
GSA@sds-docs-conten_sbom.json,,no components
GSA@sds-icons_sbom.json,,no components
GSA@search-gov-agency-collaboration_sbom.json,,no components
GSA@search-gov-indexin_sbom.json,,no components
GSA@search-services_sbom.json,,no components
GSA@sectools-ansible-jenkins_sbom.json,,no components
GSA@sectools-deploy-jenkins_sbom.json,,no components
GSA@sectools-terraform-jenkins_sbom.json,,no components
GSA@security-benchmarks_sbom.json,,no components
GSA@seo_sbom.json,,no components
GSA@service-delivery_sbom.json,,no components
GSA@service-design-analytics_sbom.json,,no components
GSA@sf-ProjectDashboard_sbom.json,,no components
GSA@sf-field-history_sbom.json,,no components
GSA@sf-lightning-components_sbom.json,,no components
GSA@sf-sandbox-post-copy_sbom.json,,no components
GSA@sf-trigger-framework_sbom.json,,no components
GSA@sf_ANTbuildfiles_sbom.json,,no components
GSA@sfdx_pilo_sbom.json,,no components
GSA@si-captcha-for-wordpress_sbom.json,,no components
GSA@simple-tooltips_sbom.json,,no components
GSA@site-scannin_sbom.json,,no components
GSA@site-scanning-documentation_sbom.json,,no components
GSA@sites-digitalgov-search_sbom.json,,no components
GSA@slack-norms_sbom.json,,no components
GSA@slash-developer-pages_sbom.json,,no components
GSA@social-media-registry-ap_sbom.json,,no components
GSA@spba-elastic_sbom.json,,no components
GSA@srt-ml_sbom.json,,no components
GSA@sticky-posts-in-category_sbom.json,,no components
GSA@structured_content_wordpress_sbom.json,,no components
GSA@suggested-datasets_sbom.json,,no components
GSA@supplier-portal-rf_sbom.json,,no components
GSA@terraform-aws-vpc_sbom.json,,no components
GSA@terraform-kubernetes-aws-load-balancer-controller_sbom.json,,no components
GSA@terraform-role_sbom.json,,no components
GSA@terraform_sbom.json,,no components
GSA@terriajs-server_sbom.json,,no components
GSA@testsite922_sbom.json,,no components
GSA@tgw-customer-template_sbom.json,,no components
GSA@third-party-services_sbom.json,,no components
GSA@threat-analysis_sbom.json,,no components
GSA@time-estimator_sbom.json,,no components
GSA@touchpoints-maintenance-page_sbom.json,,no components
GSA@training-pathway-data-practitioner_sbom.json,,no components
GSA@trip_sbom.json,,no components
GSA@tsd-agile-cm-manifesto_sbom.json,,no components
GSA@tsd-ga-framework_sbom.json,,no components
GSA@tts-solutions-web-council_sbom.json,,no components
GSA@twitter-posts-to-blo_sbom.json,,no components
GSA@twitter-widget-pro_sbom.json,,no components
GSA@twitter-widgets-gallery_sbom.json,,no components
GSA@ubuntu-common_sbom.json,,no components
GSA@unified-shared-services-managemen_sbom.json,,no components
GSA@us-data-federation-design_sbom.json,,no components
GSA@us-performance-reporting-archive_sbom.json,,no components
GSA@usa-faqs_sbom.json,,no components
GSA@usa-search_sbom.json,,no components
GSA@usagov-50_sbom.json,,no components
GSA@usagov-lambda_sbom.json,,no components
GSA@usfedgov_google_analytics_sbom.json,,no components
GSA@uswds-hugo_sbom.json,pkg:golang/../,failed to parse purl into a package with error: purl is missing name
GSA@vocab.data.gov_sbom.json,,no components
GSA@watchdog-tes_sbom.json,,no components
GSA@wdol_sbom.json,,no components
GSA@webob_sbom.json,,no components
GSA@wp-digitalgov-i14y-indexer_sbom.json,,no components
GSA@wp-external-links_sbom.json,,no components
GSA@wp-no-taxonomy-base_sbom.json,,no components
GSA@wp-open311_sbom.json,,no components
GSA@wp-rss-multi-importer_sbom.json,,no components
GSA@wp-sitemap-page_sbom.json,,no components
GT-TDAlab@ElGA_sbom.json,,no components
GaidaiIgor@quantum_walks_sbom.json,,no components
GeneralizedNuclearData@Mim_sbom.json,,no components
GeneralizedNuclearData@SG43_sbom.json,,no components
GeneralizedNuclearData@schemas_sbom.json,,no components
GoFigure-LANL@GoFigure_sbom.json,,no components
GraphIt-DSL@graph_sbom.json,,no components
GridOPTICS@GridPACK_sbom.json,,no components
HEPonHPC@apprentice_sbom.json,,no components
HEPonHPC@maestro_sbom.json,,no components
HHS@ASPR-Redesign-Repo_sbom.json,,no components
HHS@ASPR-flumodels_sbom.json,,no components
HHS@ASPR-flumodelsutil_sbom.json,,no components
HHS@CTO_Healthathon_Team_01-Repo_sbom.json,,no components
HHS@CTO_Healthathon_Team_02-Repo_sbom.json,,no components
HHS@CTO_Healthathon_Team_03-Repo_sbom.json,,no components
HHS@CTO_Healthathon_Team_04-Repo_sbom.json,,no components
HHS@CTO_Healthathon_Team_05-Repo_sbom.json,,no components
HHS@CTO_Healthathon_Team_06-Repo_sbom.json,,no components
HHS@CTO_Healthathon_Team_07-Repo_sbom.json,,no components
HHS@CTO_Healthathon_Team_08-Repo_sbom.json,,no components
HHS@CTO_Healthathon_Team_09-Repo_sbom.json,,no components
HHS@CTO_Healthathon_Team_10-Repo_sbom.json,,no components
HHS@CTO_Healthathon_Team_11-Repo_sbom.json,,no components
HHS@CTO_Healthathon_Team_12-Repo_sbom.json,,no components
HHS@CTO_Healthathon_Team_13-Repo_sbom.json,,no components
HHS@CTO_Healthathon_Team_14-Repo_sbom.json,,no components
HHS@CTO_Healthathon_Team_15-Repo_sbom.json,,no components
HHS@CTO_Healthathon_Team_16-Repo_sbom.json,,no components
HHS@CTO_Healthathon_Team_17-Repo_sbom.json,,no components
HHS@CTO_Healthathon_Team_18-Repo_sbom.json,,no components
HHS@CTO_Healthathon_Team_19-Repo_sbom.json,,no components
HHS@CTO_Healthathon_Team_20-Repo_sbom.json,,no components
HHS@CTO_Healthathon_Team_21-Repo_sbom.json,,no components
HHS@CTO_Healthathon_Team_22-Repo_sbom.json,,no components
HHS@CTO_Healthathon_Team_23-Repo_sbom.json,,no components
HHS@CTO_Healthathon_Team_24-Repo_sbom.json,,no components
HHS@CTO_Healthathon_Team_26-Repo_sbom.json,,no components
HHS@CTO_Healthathon_Team_27-Repo_sbom.json,,no components
HHS@CTO_Healthathon_Team_28-Repo_sbom.json,,no components
HHS@CTO_Healthathon_Team_29-Repo_sbom.json,,no components
HHS@CTO_Healthathon_Team_30-Repo_sbom.json,,no components
HHS@CTO_Healthathon_Team_31-Repo_sbom.json,,no components
HHS@CTO_Healthathon_Team_32-Repo_sbom.json,,no components
HHS@CTO_Healthathon_Team_33-Repo_sbom.json,,no components
HHS@CTO_Healthathon_Team_34-Repo_sbom.json,,no components
HHS@CTO_Healthathon_Team_35-Repo_sbom.json,,no components
HHS@CTO_Healthathon_Team_36-Repo_sbom.json,,no components
HHS@CTO_Healthathon_Team_37-Repo_sbom.json,,no components
HHS@CTO_Healthathon_Team_38-Repo_sbom.json,,no components
HHS@CTO_Healthathon_Team_39-Repo_sbom.json,,no components
HHS@CTO_Healthathon_Team_40-Repo_sbom.json,,no components
HHS@CTO_Healthathon_Team_41-Repo_sbom.json,,no components
HHS@CTO_Healthathon_Team_42-Repo_sbom.json,,no components
HHS@CTO_Healthathon_Team_43-Repo_sbom.json,,no components
HHS@CTO_Healthathon_Team_44-Repo_sbom.json,,no components
HHS@CTO_Healthathon_Team_45-Repo_sbom.json,,no components
HHS@DSCoLab-Spring-2018-Cohor_sbom.json,,no components
HHS@DSCoLab_sbom.json,,no components
HHS@HHS-Responsive-Design_sbom.json,,no components
HHS@HHSonGitHub_sbom.json,,no components
HHS@Head-Start-clamav-api-cg-app_sbom.json,,no components
HHS@IHS-BizFlow_sbom.json,,no components
HHS@Informatica_sbom.json,,no components
HHS@OAuth_Token_Ts_sbom.json,,no components
HHS@SAMHSA-Sandbox_sbom.json,,no components
HHS@Structured-Content-Announcemen_sbom.json,,no components
HHS@Structured-Content-Article_sbom.json,,no components
HHS@Structured-Content-Blo_sbom.json,,no components
HHS@Structured-Content-FAQ_sbom.json,,no components
HHS@Structured-Content-Leadership-Bio_sbom.json,,no components
HHS@Structured-Content-News-Release_sbom.json,,no components
HHS@TANF-app-archive_sbom.json,,no components
HHS@X_ITBM_HR_sbom.json,,no components
HHS@X_ITBM_sbom.json,,no components
HHS@capstone.KodieMcNamara_sbom.json,,no components
HHS@capstone.Michael.Harris2_sbom.json,,no components
HHS@capstone.abhivyakti.sawarkar_sbom.json,,no components
HHS@capstone.amanda.dibattista_sbom.json,,no components
HHS@capstone.andrew.brecher_sbom.json,,no components
HHS@capstone.arthur.pigno_sbom.json,,no components
HHS@capstone.bernice.boursiquo_sbom.json,,no components
HHS@capstone.connor.williams_sbom.json,,no components
HHS@capstone.dwilkinson_sbom.json,,no components
HHS@capstone.elaine.la_sbom.json,,no components
HHS@capstone.elizabeth.filaur_sbom.json,,no components
HHS@capstone.emcgill_sbom.json,,no components
HHS@capstone.epark_sbom.json,,no components
HHS@capstone.erika.davies_sbom.json,,no components
HHS@capstone.faith_sbom.json,,no components
HHS@capstone.farmerca_sbom.json,,no components
HHS@capstone.frank.block_sbom.json,,no components
HHS@capstone.hui.xue_sbom.json,,no components
HHS@capstone.iacovos.kyprianou_sbom.json,,no components
HHS@capstone.jacquelyne.ivery_sbom.json,,no components
HHS@capstone.jamie.doyle_sbom.json,,no components
HHS@capstone.jessica.benne_sbom.json,,no components
HHS@capstone.johnfnader_sbom.json,,no components
HHS@capstone.joseph.benson_sbom.json,,no components
HHS@capstone.malcolm.hale_sbom.json,,no components
HHS@capstone.mark.luxton_sbom.json,,no components
HHS@capstone.mary.do_sbom.json,,no components
HHS@capstone.marybeth.foley_sbom.json,,no components
HHS@capstone.nadya.soto_sbom.json,,no components
HHS@capstone.patra.volarath_sbom.json,,no components
HHS@capstone.rachael.walsh_sbom.json,,no components
HHS@capstone.rstreeter_sbom.json,,no components
HHS@capstone.s28kiru_sbom.json,,no components
HHS@capstone.sivakumar.kannan_sbom.json,,no components
HHS@capstone.william.carter_sbom.json,,no components
HHS@ckanext-datajson_sbom.json,,no components
HHS@hhs.github.io_sbom.json,,no components
HHS@pillbox-data-process_sbom.json,,no components
HHS@pillbox_docs_sbom.json,,no components
HHS@pillbox_sbom.json,,no components
HHS@voc-admin_sbom.json,,no components
HHS@voc-public_sbom.json,,no components
HPCGraphAnalysis@Connectivity_sbom.json,,no components
HPCGraphAnalysis@HPCGraph_sbom.json,,no components
HPCGraphAnalysis@PuLP_sbom.json,,no components
HPCToolkit@hpctoolk_sbom.json,,no components
HexHive@EPOXY_sbom.json,,no components
HobbesOSR@kitten_sbom.json,,no components
HoneProject@Linux-Sensor_sbom.json,,no components
HoneProject@Windows-Sensor_sbom.json,,no components
HoneProject@Wireshark-Shim_sbom.json,,no components
IACDecarb@IAC-Decarb-Tools_sbom.json,,no components
IBPeng@memleap_sbom.json,,no components
ICKMod@PolyODENe_sbom.json,,no components
IMMM-SFA@horizon_sbom.json,,no components
IMMM-SFA@im3py_sbom.json,,no components
IMMM-SFA@proxymod_sbom.json,,no components
IMMM-SFA@tempse_sbom.json,,no components
IMMM-SFA@wm_sbom.json,,no components
IRSgov@IDES-Data-Preparation-Dot-Ne_sbom.json,,no components
ISCN@SOC-DRaHR_sbom.json,,no components
IdahoLabResearch@5GAD_sbom.json,,no components
IdahoLabResearch@AquaPV_sbom.json,,no components
IdahoLabResearch@BIhNNs_sbom.json,,no components
IdahoLabResearch@Buggy-Program-Program_sbom.json,,no components
IdahoLabResearch@CDB_Analysis_Program_sbom.json,,no components
IdahoLabResearch@CIACS_sbom.json,,no components
IdahoLabResearch@CMAT_sbom.json,,no components
IdahoLabResearch@CoCuN_sbom.json,,no components
IdahoLabResearch@DREEM_sbom.json,,no components
IdahoLabResearch@EVIRS_sbom.json,,no components
IdahoLabResearch@HEA_Code_sbom.json,,no components
IdahoLabResearch@HFVT_sbom.json,,no components
IdahoLabResearch@HPCACT-2022_sbom.json,,no components
IdahoLabResearch@HPC_Natural_Language_Understanding_-NLU-_Datase_sbom.json,,no components
IdahoLabResearch@HyPAT_sbom.json,,no components
IdahoLabResearch@Hydropower_Unit_Models_sbom.json,,no components
IdahoLabResearch@LISA_sbom.json,,no components
IdahoLabResearch@MFSCO_sbom.json,,no components
IdahoLabResearch@Multiplayer_Engineerin_sbom.json,,no components
IdahoLabResearch@OMDD_sbom.json,,no components
IdahoLabResearch@PowDDeR-Python_sbom.json,,no components
IdahoLabResearch@PyEmission_sbom.json,,no components
IdahoLabResearch@ReMAIn_sbom.json,,no components
IdahoLabResearch@SFWDSubsurface_sbom.json,,no components
IdahoLabResearch@Scramble_sbom.json,,no components
IdahoLabResearch@TROPFE_sbom.json,,no components
IdahoLabResearch@Type_5_Wind_Turbine_Drivetrain_sbom.json,,no components
IdahoLabResearch@WOODCOM_sbom.json,,no components
IdahoLabUnsupported@ADREM_sbom.json,,no components
IdahoLabUnsupported@ATTAR_sbom.json,,no components
IdahoLabUnsupported@AspenPlus_sbom.json,,no components
IdahoLabUnsupported@DAIRIEES_sbom.json,,no components
IdahoLabUnsupported@FakeADFS_sbom.json,,no components
IdahoLabUnsupported@IIPG_Crack_sbom.json,,no components
IdahoLabUnsupported@LinuxSA_sbom.json,,no components
IdahoLabUnsupported@PolyPole_sbom.json,,no components
IdahoLabUnsupported@SERA_sbom.json,,no components
IdahoLabUnsupported@WEST_sbom.json,,no components
IdahoLabUnsupported@Wetlands_Geoprocessor_sbom.json,,no components
IdahoLabUnsupported@irrmon_sbom.json,,no components
IllinoisRocstar@IMPACT_sbom.json,,no components
InsightCenterNoodles@message_spec_sbom.json,,no components
JBEI@ART_sbom.json,,no components
JBEI@Flaviolin_media_opt_C1_sbom.json,,no components
JBEI@Flaviolin_media_opt_C2_sbom.json,,no components
JBEI@Omics-Data-QA-QC-tool_sbom.json,,no components
JBEI@biosensor_characterization_public_sbom.json,,no components
JBEI@media_compiler_sbom.json,,no components
JChristopherEllis@P-Finder_sbom.json,,no components
JGCRI@CEDS_sbom.json,,no components
JGCRI@hydro-emulator_sbom.json,,no components
JGCRI@moira_sbom.json,,no components
JGCRI@persephone_sbom.json,,no components
JGCRI@xanthos_sbom.json,,no components
Jacobj-LANL@mgsflib_sbom.json,,no components
JeffersonLab@chroma_sbom.json,,no components
JeffersonLab@qphix-codegen_sbom.json,,no components
JeffersonLab@qphix_sbom.json,,no components
JoelWesleyReed@gopcap_sbom.json,,no components
JoshRackers@equivariant_electron_density_sbom.json,,no components
Jromero1208@PBDRiRF_sbom.json,,no components
JuliaOceanWaves@JuliaOceanWaves_sbom.json,,no components
JustinRayAngus@PICNIC_sbom.json,,no components
Karthik-Balas@elastemp_sbom.json,,no components
KedoKudo@DT_GNN_Tutorial_sbom.json,,no components
Kerianne28@ZTF_image_classification_sbom.json,,no components
Kitware@DaxToolk_sbom.json,,no components
Kukanani@rosstep_sbom.json,,no components
LANL-Bioinformatics@KWAGE_sbom.json,,no components
LANL-Bioinformatics@PCRamp_sbom.json,,no components
LANL-Seismoacoustics@riddl_sbom.json,,no components
LANL-Seismoacoustics@stochprop_sbom.json,,no components
LANLhakel@FESTR_sbom.json,,no components
LBL-CoDEx@OpenSoCFabric_sbom.json,,no components
LBL-CoDEx@exasa_sbom.json,,no components
LBL-CoDEx@mota_sbom.json,,no components
LBNL-ETA@Adapter_sbom.json,,no components
LBNL-ETA@COUNT_sbom.json,,no components
LBNL-ETA@CalFlexHub_sbom.json,,no components
LBNL-ETA@ESL_sbom.json,,no components
LBNL-ETA@FlexDRL_sbom.json,,no components
LBNL-ETA@G36SavingsCalculator_sbom.json,,no components
LBNL-ETA@HIL4DF_sbom.json,,no components
LBNL-ETA@MSWH_sbom.json,,no components
LBNL-ETA@OpenStudio-Occupant-KPIs-Reportin_sbom.json,,no components
LBNL-ETA@QUOP_sbom.json,,no components
LBNL-ETA@SCooDER_sbom.json,,no components
LBNL-ETA@SynAS_sbom.json,,no components
LBNL-ETA@TAR_sbom.json,,no components
LBNL-ETA@haxall-based-fault-correction_sbom.json,,no components
LBNL-ETA@nre_sbom.json,,no components
LBNL-ETA@pmu_event_library_sbom.json,,no components
LBNL-JCI-ICF@better_sbom.json,,no components
LBNL-UCB-STI@PILATES_sbom.json,,no components
LBNL-UCB-STI@SynthFirm_sbom.json,,no components
LIBHALA@hala_sbom.json,,no components
LLNL@2022_DVRFS_microbiome_sbom.json,,no components
LLNL@2DHEVF_sbom.json,,no components
LLNL@AC2Dr_sbom.json,,no components
LLNL@ADAPT_sbom.json,,no components
LLNL@AMG2023_sbom.json,,no components
LLNL@AMG_sbom.json,,no components
LLNL@AMPE_sbom.json,,no components
LLNL@ANS_sbom.json,,no components
LLNL@ATD-SD_sbom.json,,no components
LLNL@ATD_sbom.json,,no components
LLNL@Analytic_Deflection_of_Asteroids_by_NEDs_sbom.json,,no components
LLNL@AutoParBench_sbom.json,,no components
LLNL@AutomaDeD_sbom.json,,no components
LLNL@BAnD_sbom.json,,no components
LLNL@BCML-COVID19_sbom.json,,no components
LLNL@BinFPE_sbom.json,,no components
LLNL@CHAI_sbom.json,,no components
LLNL@CIGEN_sbom.json,,no components
LLNL@COGENT_sbom.json,,no components
LLNL@CRADL_sbom.json,,no components
LLNL@CREPE_sbom.json,,no components
LLNL@CRPCA_sbom.json,,no components
LLNL@CUDAMicroBench_sbom.json,,no components
LLNL@CcNav_sbom.json,,no components
LLNL@CerebrasTrilabs-SC24AD_sbom.json,,no components
LLNL@Ciel_sbom.json,,no components
LLNL@CoMD-Chapel_sbom.json,,no components
LLNL@Collabmaps_sbom.json,,no components
LLNL@Comb_sbom.json,,no components
LLNL@Copson_Expansion_Solution_sbom.json,,no components
LLNL@Curvallis_sbom.json,,no components
LLNL@CxxPolyF_sbom.json,,no components
LLNL@DD-NM-ROM_sbom.json,,no components
LLNL@DJINN_sbom.json,,no components
LLNL@DiHydrogen_sbom.json,,no components
LLNL@Downscaled-Climate-Data-Dashboard_sbom.json,,no components
LLNL@DragonView_sbom.json,,no components
LLNL@DynamicSimCCS_sbom.json,,no components
LLNL@DysectAPI_sbom.json,,no components
LLNL@EQ3_6_sbom.json,,no components
LLNL@ExaCMech_sbom.json,,no components
LLNL@FAROS_sbom.json,,no components
LLNL@FAST_sbom.json,,no components
LLNL@FGPU_sbom.json,,no components
LLNL@FPChecker_sbom.json,,no components
LLNL@FastGlobalFileStatus_sbom.json,,no components
LLNL@Frescox_sbom.json,,no components
LLNL@GOTCHA-tracer_sbom.json,,no components
LLNL@GPS-Z_sbom.json,,no components
LLNL@GPU-FPX_sbom.json,,no components
LLNL@Gremlins_sbom.json,,no components
LLNL@GridDyn_sbom.json,,no components
LLNL@GridK_sbom.json,,no components
LLNL@H2OI95_sbom.json,,no components
LLNL@HPCCEA_sbom.json,,no components
LLNL@HyDAGS_sbom.json,,no components
LLNL@LCUSS_sbom.json,,no components
LLNL@LEAP_sbom.json,,no components
LLNL@LH2Transfer_sbom.json,,no components
LLNL@LIGR_sbom.json,,no components
LLNL@LIST_sbom.json,,no components
LLNL@LOKI_sbom.json,,no components
LLNL@LOPE_sbom.json,,no components
LLNL@LULESH_sbom.json,,no components
LLNL@LaSDI_sbom.json,,no components
LLNL@LaunchMON_sbom.json,,no components
LLNL@LibPowerMon_sbom.json,,no components
LLNL@MACSio_sbom.json,,no components
LLNL@MAT_sbom.json,,no components
LLNL@MDAS_sbom.json,,no components
LLNL@MPI-Stages_sbom.json,,no components
LLNL@MPI-Usage_sbom.json,,no components
LLNL@MPIDiff_sbom.json,,no components
LLNL@MTL-suite_sbom.json,,no components
LLNL@MacPatch-AutoPKG_sbom.json,,no components
LLNL@MacPatch_sbom.json,pkg:swift/github.com/Alamofire/Alamofire.git/Alamofire@5.4.1,failed to get coordinates from purl: pkg:swift/github.com/Alamofire/Alamofire.git/Alamofire@5.4.1
LLNL@MacPatch_sbom.json,pkg:swift/github.com/cheizer/logkit.git/LogKit,failed to parse purl into a package with error: version is required
LLNL@MacPatch_sbom.json,pkg:swift/github.com/kareman/SwiftShell.git/SwiftShell@5.1.0,failed to get coordinates from purl: pkg:swift/github.com/kareman/SwiftShell.git/SwiftShell@5.1.0
LLNL@MahonFittin_sbom.json,,no components
LLNL@MemAxes_sbom.json,,no components
LLNL@MemSurfer_sbom.json,,no components
LLNL@MountPointAttributes_sbom.json,,no components
LLNL@MultiscaleTopOp_sbom.json,,no components
LLNL@NDDAV_sbom.json,,no components
LLNL@NED_Asteroid_Energy_Deposition_sbom.json,,no components
LLNL@NFSDM_sbom.json,,no components
LLNL@Neuralcap_sbom.json,,no components
LLNL@Open-Facility-Viewer_sbom.json,,no components
LLNL@OpenRES_sbom.json,,no components
LLNL@PECAN2_sbom.json,,no components
LLNL@PIPS-SBB_sbom.json,,no components
LLNL@PNE_MTINV_sbom.json,,no components
LLNL@PYB11Generator_sbom.json,,no components
LLNL@ParaDiS_sbom.json,,no components
LLNL@PnMPI_sbom.json,,no components
LLNL@QRUS_sbom.json,,no components
LLNL@RASE_sbom.json,,no components
LLNL@ROSE-LCOM-Tools_sbom.json,,no components
LLNL@RadSim_sbom.json,,no components
LLNL@SAC2000_sbom.json,,no components
LLNL@SAFIRE_sbom.json,,no components
LLNL@SAMRAI_sbom.json,,no components
LLNL@SBLLmalloc_sbom.json,,no components
LLNL@SC-PD-FED_sbom.json,,no components
LLNL@SCR-model_sbom.json,,no components
LLNL@SNLS_sbom.json,,no components
LLNL@SSHSpawner_sbom.json,,no components
LLNL@STREAMSTAT_sbom.json,,no components
LLNL@SW4CK_sbom.json,,no components
LLNL@Saloon_sbom.json,,no components
LLNL@Sedov-ML_sbom.json,,no components
LLNL@Sina_sbom.json,,no components
LLNL@Skywin_sbom.json,,no components
LLNL@SmallMolEval_sbom.json,,no components
LLNL@SoRa_sbom.json,,no components
LLNL@TOPE_sbom.json,,no components
LLNL@TargetID_sbom.json,,no components
LLNL@Task-Time-Tracker_sbom.json,,no components
LLNL@Thomson-Scattering-Cross-Section-Calculator_sbom.json,,no components
LLNL@TopoMS_sbom.json,,no components
LLNL@TreeScope_sbom.json,,no components
LLNL@UETOOLS_sbom.json,,no components
LLNL@UMT_sbom.json,,no components
LLNL@UQ_combustion_sbom.json,,no components
LLNL@USER-EPH_sbom.json,,no components
LLNL@Varity_sbom.json,,no components
LLNL@Wemul_sbom.json,,no components
LLNL@XPL_sbom.json,,no components
LLNL@Xscope_sbom.json,,no components
LLNL@Yet-Another-Hauser-Feshbach-Code_sbom.json,,no components
LLNL@ac-mpibind_sbom.json,,no components
LLNL@aiida-inq_sbom.json,,no components
LLNL@al_nlp_sbom.json,,no components
LLNL@ap_sbom.json,,no components
LLNL@avalaunch_sbom.json,,no components
LLNL@b-mpi3_sbom.json,,no components
LLNL@backstroke_sbom.json,,no components
LLNL@barn_sbom.json,,no components
LLNL@bindee_sbom.json,,no components
LLNL@blockbuster_sbom.json,,no components
LLNL@blt-phpmd_sbom.json,,no components
LLNL@bmsl_sbom.json,,no components
LLNL@boxfish_sbom.json,,no components
LLNL@bridge-kernel_sbom.json,,no components
LLNL@burstfs_sbom.json,,no components
LLNL@caliper-compiler_sbom.json,,no components
LLNL@callpath_sbom.json,,no components
LLNL@cardioid_sbom.json,,no components
LLNL@coreFPUtes_sbom.json,,no components
LLNL@core_stack_merge_sbom.json,,no components
LLNL@cowc_sbom.json,,no components
LLNL@cram_sbom.json,,no components
LLNL@cruise_sbom.json,,no components
LLNL@cryoH2vehicle_sbom.json,,no components
LLNL@csld_sbom.json,,no components
LLNL@ctm_sbom.json,,no components
LLNL@cyme-launcher_sbom.json,,no components
LLNL@dataracebench_sbom.json,,no components
LLNL@dbComm_sbom.json,,no components
LLNL@ddcMD_sbom.json,,no components
LLNL@ddcMDconverter_sbom.json,,no components
LLNL@ddd_sbom.json,,no components
LLNL@devil_ray_sbom.json,,no components
LLNL@dftf_sbom.json,,no components
LLNL@direct-fuse_sbom.json,,no components
LLNL@dtcmp_sbom.json,,no components
LLNL@dynim_sbom.json,,no components
LLNL@elastic-stacker_sbom.json,,no components
LLNL@exadis_sbom.json,,no components
LLNL@ezAlign_sbom.json,,no components
LLNL@fastcam_sbom.json,,no components
LLNL@fdtree_sbom.json,,no components
LLNL@ferdinand_sbom.json,,no components
LLNL@fireca_sbom.json,,no components
LLNL@flume-plugins_sbom.json,,no components
LLNL@flux-wrappers_sbom.json,,no components
LLNL@fpp_sbom.json,,no components
LLNL@fpzip_sbom.json,,no components
LLNL@gLaSDI_sbom.json,,no components
LLNL@gecko_sbom.json,,no components
LLNL@gidiplus_sbom.json,,no components
LLNL@graph-embed_sbom.json,,no components
LLNL@graphlib_sbom.json,,no components
LLNL@havoq_sbom.json,,no components
LLNL@hdbind_sbom.json,,no components
LLNL@hscs_sbom.json,,no components
LLNL@ibtopo_sbom.json,,no components
LLNL@iirabm_sbom.json,,no components
LLNL@iniabu_sbom.json,,no components
LLNL@interpML_sbom.json,,no components
LLNL@ior_sbom.json,,no components
LLNL@kosh_sbom.json,,no components
LLNL@letop_sbom.json,,no components
LLNL@libmsr_sbom.json,,no components
LLNL@llnl-hires-timers_sbom.json,,no components
LLNL@lm_sbom.json,,no components
LLNL@loupe_sbom.json,,no components
LLNL@ltau-ff_sbom.json,,no components
LLNL@lustre-tools-llnl_sbom.json,,no components
LLNL@lustre_sbom.json,,no components
LLNL@lwgrp_sbom.json,,no components
LLNL@macc_sbom.json,,no components
LLNL@mdtes_sbom.json,,no components
LLNL@meco_sbom.json,,no components
LLNL@melodee_sbom.json,,no components
LLNL@mgmol_sbom.json,,no components
LLNL@mhysa_sbom.json,,no components
LLNL@mib_sbom.json,,no components
LLNL@mitos_sbom.json,,no components
LLNL@mpi-tools_sbom.json,,no components
LLNL@mpiP_sbom.json,,no components
LLNL@mpibind_sbom.json,,no components
LLNL@mpileaks_sbom.json,,no components
LLNL@msr-genie_sbom.json,,no components
LLNL@mstk-docker_sbom.json,,no components
LLNL@mttime_sbom.json,,no components
LLNL@muster_sbom.json,,no components
LLNL@nam_sbom.json,,no components
LLNL@narrows_sbom.json,,no components
LLNL@op_sbom.json,,no components
LLNL@pLiner_sbom.json,,no components
LLNL@paraDIS_lib_sbom.json,,no components
LLNL@parela_sbom.json,,no components
LLNL@parelagmc_sbom.json,,no components
LLNL@perf-dump_sbom.json,,no components
LLNL@phloem_sbom.json,,no components
LLNL@pmgr_collective_sbom.json,,no components
LLNL@polycube_sbom.json,,no components
LLNL@productivity-frameworks_sbom.json,,no components
LLNL@prorad_sbom.json,,no components
LLNL@psuade_sbom.json,,no components
LLNL@py-hostlis_sbom.json,,no components
LLNL@pyPICfusion_sbom.json,,no components
LLNL@pynamic_sbom.json,,no components
LLNL@python-lora_sbom.json,,no components
LLNL@qball_sbom.json,,no components
LLNL@quandary_sbom.json,,no components
LLNL@quantkrigin_sbom.json,,no components
LLNL@ravel_sbom.json,,no components
LLNL@refex-rolx_sbom.json,,no components
LLNL@rhizome_sbom.json,,no components
LLNL@ross-matrix-models_sbom.json,,no components
LLNL@rover_sbom.json,,no components
LLNL@rst2slides_sbom.json,,no components
LLNL@rubik_sbom.json,,no components
LLNL@saamge_sbom.json,,no components
LLNL@saltatlas_sbom.json,,no components
LLNL@scisample_sbom.json,,no components
LLNL@selfsupervised_sbom.json,,no components
LLNL@sepsense_sbom.json,,no components
LLNL@simplexdesign_sbom.json,,no components
LLNL@simul_sbom.json,,no components
LLNL@simutil_sbom.json,,no components
LLNL@slap_sbom.json,,no components
LLNL@sonar-driver_sbom.json,,no components
LLNL@spawnne_sbom.json,,no components
LLNL@spify_sbom.json,,no components
LLNL@spl_sbom.json,,no components
LLNL@strawman_sbom.json,,no components
LLNL@tango_sbom.json,,no components
LLNL@trainGMM_sbom.json,,no components
LLNL@trestles_sbom.json,,no components
LLNL@tripoll_sbom.json,,no components
LLNL@typeforge_sbom.json,,no components
LLNL@umap_sbom.json,,no components
LLNL@unum_sbom.json,,no components
LLNL@wcs_sbom.json,,no components
LLNL@wrap_sbom.json,,no components
LLNL@zero-rk_sbom.json,,no components
LLNL@zhw_sbom.json,,no components
LSSTDESC@ObsStra_sbom.json,,no components
Laborieux-Axel@Equilibrium-Propagation_sbom.json,,no components
LienardWiechert@LW3D_sbom.json,,no components
Lin-Wang@LS3DF_sbom.json,,no components
MBMS@C-CODE_FOR_MEMBRANE_BASED_MODEL_sbom.json,,no components
MCSclimate@MCT_sbom.json,,no components
MEG-LBNL@Current-Voltage-Analysis-Tool-for-Solar-Fuel-Production-CATS_sbom.json,,no components
MEG-LBNL@Tafel_Fitter_sbom.json,,no components
MPAS-Dev@MPAS-Model_sbom.json,,no components
MSD-LIVE@msdlive-cli-distro_sbom.json,,no components
Mantevo@HPCCG_sbom.json,,no components
Mantevo@PathFinder_sbom.json,,no components
Mantevo@miniAMR_sbom.json,,no components
Mantevo@miniAero_sbom.json,,no components
Mantevo@miniGhos_sbom.json,,no components
Mantevo@miniSMAC_sbom.json,,no components
Mantevo@miniTr_sbom.json,,no components
MaterialEyes@exsclaim_sbom.json,,no components
MathBioCU@PyWLaSDI_sbom.json,,no components
MattBBaker@shoms_sbom.json,,no components
MeshToolkit@MSTK_sbom.json,,no components
NAVADMC@ADSM-CEngine_sbom.json,,no components
NERSC@avs_image_mgr_sbom.json,,no components
NERSC@minimond_sbom.json,,no components
NERSC@smwflow_sbom.json,,no components
NGEET@fates-release_sbom.json,,no components
NGFC-Lib@NGFC-Lib_sbom.json,,no components
NREL-Sienna@InterfaceLimits.jl_sbom.json,,no components
NREL@ABSiCE_sbom.json,,no components
NREL@AEflow_sbom.json,,no components
NREL@AI-Batt-OS_sbom.json,,no components
NREL@ATHENA-bus_sbom.json,,no components
NREL@ATHENA-forecas_sbom.json,,no components
NREL@ATHENA-sumo_sbom.json,,no components
NREL@AirflowNetwork_sbom.json,,no components
NREL@BACnet-state_sbom.json,,no components
NREL@BDEM_sbom.json,,no components
NREL@BEEAM_sbom.json,,no components
NREL@BLAST-Lite_sbom.json,,no components
NREL@CEWAM_sbom.json,,no components
NREL@CO2ROp_sbom.json,,no components
NREL@CSG-public_sbom.json,,no components
NREL@Caltalyst-Layer-Crack-Detector-CLCD_sbom.json,,no components
NREL@CombIgor_sbom.json,,no components
NREL@ConductorIdentification_sbom.json,,no components
NREL@CryptoConf_sbom.json,,no components
NREL@DAKOTA_plugin_sbom.json,,no components
NREL@DC2AC_sbom.json,,no components
NREL@DG2_sbom.json,,no components
NREL@DSS2ePHASOR_sbom.json,,no components
NREL@E-Queue-HPC_sbom.json,,no components
NREL@EMF_Data_Interpreter_sbom.json,,no components
NREL@EMIS-Data_sbom.json,,no components
NREL@EMISAgentSimulation.jl_sbom.json,,no components
NREL@EMISApproximateEquilibrium.jl_sbom.json,,no components
NREL@EMISCompetitiveEquilibrium.jl_sbom.json,,no components
NREL@EPXMLPreprocessor_sbom.json,,no components
NREL@EVI-OnDemand_sbom.json,,no components
NREL@EnergyIntensityIndicators_sbom.json,,no components
NREL@EnergyPlusRelease_sbom.json,,no components
NREL@FEDIS_sbom.json,,no components
NREL@FESTIV_MODEL_sbom.json,,no components
NREL@FRISM_sbom.json,,no components
NREL@Fair_Bagging_Boosting_Models_sbom.json,,no components
NREL@GANISP_sbom.json,,no components
NREL@GEAR-SCouP_sbom.json,,no components
NREL@GEOPHIRES-v2_sbom.json,,no components
NREL@HALOS_sbom.json,,no components
NREL@HDTADA_sbom.json,,no components
NREL@HIPSTER_sbom.json,,no components
NREL@IBSL_sbom.json,,no components
NREL@K_Road_sbom.json,,no components
NREL@Keithley_GPT_sbom.json,,no components
NREL@L-TERRA_sbom.json,,no components
NREL@LiAISON_sbom.json,,no components
NREL@MAFRIT_sbom.json,,no components
NREL@MAGMA_sbom.json,,no components
NREL@MATBOX_Microstructure_analysis_toolbox_sbom.json,,no components
NREL@MODAQ_sbom.json,,no components
NREL@Machine-Learning-Pipeline_sbom.json,,no components
NREL@ModuleOT_sbom.json,,no components
NREL@NMACFoam_sbom.json,,no components
NREL@NREL-Beam-Characterization_sbom.json,,no components
NREL@NRWAL_sbom.json,pkg:github/docker%3A/#ghcr.io/github/super-linter:slim-v4,failed to parse purl into a package with error: purl is missing name
NREL@NS3-C-V2X-Cosimulation-Framework_sbom.json,,no components
NREL@NSO_processing_scripts_sbom.json,,no components
NREL@NaTGenPD_sbom.json,,no components
NREL@OCHRE_sbom.json,,no components
NREL@OSIF_sbom.json,,no components
NREL@OpenDSS-wrapper_sbom.json,,no components
NREL@OpenStudio_sbom.json,pkg:conan/benchmark@1.8.3,failed to get coordinates from purl: pkg:conan/benchmark@1.8.3
NREL@OpenStudio_sbom.json,pkg:conan/boost@1.79.0,failed to get coordinates from purl: pkg:conan/boost@1.79.0
NREL@OpenStudio_sbom.json,pkg:conan/bzip2@1.0.8,failed to get coordinates from purl: pkg:conan/bzip2@1.0.8
NREL@OpenStudio_sbom.json,pkg:conan/cli11@2.3.2,failed to get coordinates from purl: pkg:conan/cli11@2.3.2
NREL@OpenStudio_sbom.json,pkg:conan/cpprestsdk@2.10.19,failed to get coordinates from purl: pkg:conan/cpprestsdk@2.10.19
NREL@OpenStudio_sbom.json,pkg:conan/fmt@9.1.0,failed to get coordinates from purl: pkg:conan/fmt@9.1.0
NREL@OpenStudio_sbom.json,pkg:conan/geographiclib@1.52,failed to get coordinates from purl: pkg:conan/geographiclib@1.52
NREL@OpenStudio_sbom.json,pkg:conan/gmp@6.3.0,failed to get coordinates from purl: pkg:conan/gmp@6.3.0
NREL@OpenStudio_sbom.json,pkg:conan/gtest@1.14.0,failed to get coordinates from purl: pkg:conan/gtest@1.14.0
NREL@OpenStudio_sbom.json,pkg:conan/jsoncpp@1.9.5,failed to get coordinates from purl: pkg:conan/jsoncpp@1.9.5
NREL@OpenStudio_sbom.json,pkg:conan/libbacktrace@cci.20210118,failed to get coordinates from purl: pkg:conan/libbacktrace@cci.20210118
NREL@OpenStudio_sbom.json,pkg:conan/libffi@3.4.4,failed to get coordinates from purl: pkg:conan/libffi@3.4.4
NREL@OpenStudio_sbom.json,pkg:conan/libgettext@0.22,failed to get coordinates from purl: pkg:conan/libgettext@0.22
NREL@OpenStudio_sbom.json,pkg:conan/libiconv@1.17,failed to get coordinates from purl: pkg:conan/libiconv@1.17
NREL@OpenStudio_sbom.json,pkg:conan/libxml2@2.11.6,failed to get coordinates from purl: pkg:conan/libxml2@2.11.6
NREL@OpenStudio_sbom.json,pkg:conan/libxslt@1.1.37,failed to get coordinates from purl: pkg:conan/libxslt@1.1.37
NREL@OpenStudio_sbom.json,pkg:conan/libyaml@0.2.5,failed to get coordinates from purl: pkg:conan/libyaml@0.2.5
NREL@OpenStudio_sbom.json,pkg:conan/minizip@1.2.13,failed to get coordinates from purl: pkg:conan/minizip@1.2.13
NREL@OpenStudio_sbom.json,pkg:conan/nlohmann_json@3.11.3,failed to get coordinates from purl: pkg:conan/nlohmann_json@3.11.3
NREL@OpenStudio_sbom.json,pkg:conan/openssl@3.1.0,failed to get coordinates from purl: pkg:conan/openssl@3.1.0
NREL@OpenStudio_sbom.json,pkg:conan/pcre2@10.42,failed to get coordinates from purl: pkg:conan/pcre2@10.42
NREL@OpenStudio_sbom.json,pkg:conan/pugixml@1.12.1,failed to get coordinates from purl: pkg:conan/pugixml@1.12.1
NREL@OpenStudio_sbom.json,pkg:conan/readline@8.2,failed to get coordinates from purl: pkg:conan/readline@8.2
NREL@OpenStudio_sbom.json,pkg:conan/ruby@3.2.2,failed to get coordinates from purl: pkg:conan/ruby@3.2.2
NREL@OpenStudio_sbom.json,pkg:conan/sqlite3@3.38.5,failed to get coordinates from purl: pkg:conan/sqlite3@3.38.5
NREL@OpenStudio_sbom.json,pkg:conan/stb@cci.20230920,failed to get coordinates from purl: pkg:conan/stb@cci.20230920
NREL@OpenStudio_sbom.json,pkg:conan/swig@4.1.1,failed to get coordinates from purl: pkg:conan/swig@4.1.1
NREL@OpenStudio_sbom.json,pkg:conan/termcap@1.3.1,failed to get coordinates from purl: pkg:conan/termcap@1.3.1
NREL@OpenStudio_sbom.json,pkg:conan/tinygltf@2.5.0,failed to get coordinates from purl: pkg:conan/tinygltf@2.5.0
NREL@OpenStudio_sbom.json,pkg:conan/websocketpp@0.8.2,failed to get coordinates from purl: pkg:conan/websocketpp@0.8.2
NREL@OpenStudio_sbom.json,pkg:conan/zlib@1.3.1,failed to get coordinates from purl: pkg:conan/zlib@1.3.1
NREL@PIDG_sbom.json,,no components
NREL@PLEXOSUtils.jl_sbom.json,,no components
NREL@PSSE_Network_Reduction_sbom.json,,no components
NREL@PV-DMFA_sbom.json,,no components
NREL@PVwindow_sbom.json,,no components
NREL@ParaOptimizationNS3_sbom.json,,no components
NREL@PathParser_sbom.json,,no components
NREL@PyChargeModel_sbom.json,,no components
NREL@RODeO_sbom.json,,no components
NREL@Renewable-Complementarity_sbom.json,,no components
NREL@SDOM_sbom.json,,no components
NREL@SISSORegressor_MATLAB_sbom.json,,no components
NREL@SLiDE_sbom.json,,no components
NREL@SOEP-QSS_sbom.json,,no components
NREL@SOWFA_sbom.json,,no components
NREL@SSRS_sbom.json,,no components
NREL@Secondary_pore_network_sbom.json,,no components
NREL@SolarPILOT_sbom.json,,no components
NREL@SolarResourceTools_sbom.json,,no components
NREL@Spawn_sbom.json,pkg:conan/boost@1.79.0,failed to get coordinates from purl: pkg:conan/boost@1.79.0
NREL@Spawn_sbom.json,pkg:conan/bzip2@1.0.8,failed to get coordinates from purl: pkg:conan/bzip2@1.0.8
NREL@Spawn_sbom.json,pkg:conan/catch2@2.13.9,failed to get coordinates from purl: pkg:conan/catch2@2.13.9
NREL@Spawn_sbom.json,pkg:conan/cli11@1.9.1,failed to get coordinates from purl: pkg:conan/cli11@1.9.1
NREL@Spawn_sbom.json,pkg:conan/libzip@1.10.1,failed to get coordinates from purl: pkg:conan/libzip@1.10.1
NREL@Spawn_sbom.json,pkg:conan/nlohmann_json@3.10.2,failed to get coordinates from purl: pkg:conan/nlohmann_json@3.10.2
NREL@Spawn_sbom.json,pkg:conan/pugixml@1.11,failed to get coordinates from purl: pkg:conan/pugixml@1.11
NREL@Spawn_sbom.json,pkg:conan/zlib@1.2.12,failed to get coordinates from purl: pkg:conan/zlib@1.2.12
NREL@SymmetryDetectionForQuantumSim_sbom.json,,no components
NREL@TEAM-TDM_sbom.json,,no components
NREL@TrafficVolumeEstimation_sbom.json,,no components
NREL@View3D-3.2_sbom.json,,no components
NREL@WPGNN_sbom.json,,no components
NREL@WaterSystems.jl_sbom.json,,no components
NREL@a2e2_sbom.json,,no components
NREL@adaptive-splines_sbom.json,,no components
NREL@api-umbrella-cookbook_sbom.json,,no components
NREL@api-umbrella_sbom.json,pkg:luarocks/api-umbrella@git-1,failed to get coordinates from purl: pkg:luarocks/api-umbrella@git-1
NREL@api-umbrella_sbom.json,pkg:luarocks/api-umbrella-test@git-1,failed to get coordinates from purl: pkg:luarocks/api-umbrella-test@git-1
NREL@bewley_sbom.json,,no components
NREL@bioluc_sbom.json,,no components
NREL@bokeh-streamin_sbom.json,,no components
NREL@bsm-learnin_sbom.json,,no components
NREL@bsm-public_sbom.json,,no components
NREL@buspy_sbom.json,,no components
NREL@cloud_fs_sbom.json,pkg:github/docker%3A/#ghcr.io/github/super-linter:slim-v4,failed to parse purl into a package with error: purl is missing name
NREL@cmlm_sbom.json,,no components
NREL@cooptima-co-optimizer_sbom.json,,no components
NREL@daf_sbom.json,,no components
NREL@dao-tk_sbom.json,,no components
NREL@densegranFoam_sbom.json,,no components
NREL@diversity_SR_sbom.json,,no components
NREL@django-query-logger_sbom.json,,no components
NREL@dss-cosim_sbom.json,,no components
NREL@elm_sbom.json,pkg:github/docker%3A/#ghcr.io/github/super-linter:slim-v4,failed to parse purl into a package with error: purl is missing name
NREL@fpeam_sbom.json,,no components
NREL@gdx-pandas_sbom.json,,no components
NREL@geothermal_osr_sbom.json,,no components
NREL@glmgen_sbom.json,,no components
NREL@hdev-depot-charging-2021_sbom.json,,no components
NREL@hpxml2reso_sbom.json,,no components
NREL@htem-api-examples_sbom.json,,no components
NREL@infovis-parallel_sbom.json,,no components
NREL@kaleidoscope_sbom.json,,no components
NREL@lcoc-ldevs_sbom.json,,no components
NREL@learning-building-control_sbom.json,,no components
NREL@legacy-openstudio_sbom.json,,no components
NREL@mpc4clr_sbom.json,,no components
NREL@nrelWattileEx_sbom.json,,no components
NREL@osos_sbom.json,pkg:github/docker%3A/#ghcr.io/github/super-linter:slim-v4,failed to parse purl into a package with error: purl is missing name
NREL@pfibs_sbom.json,,no components
NREL@phygnn_sbom.json,pkg:github/docker%3A/#ghcr.io/github/super-linter:slim-v4,failed to parse purl into a package with error: purl is missing name
NREL@powerscenarios_sbom.json,,no components
NREL@psychrometricsEx_sbom.json,,no components
NREL@pv_soilin_sbom.json,,no components
NREL@pydbus_sbom.json,,no components
NREL@pysam_sbom.json,pkg:github/docker%3A/#github/super-linter:v2.1.1,failed to parse purl into a package with error: purl is missing name
NREL@reVX_sbom.json,pkg:github/docker%3A/#ghcr.io/github/super-linter:slim-v4,failed to parse purl into a package with error: purl is missing name
NREL@reV_sbom.json,pkg:github/docker%3A/#ghcr.io/github/super-linter:slim-v4,failed to parse purl into a package with error: purl is missing name
NREL@repra_sbom.json,,no components
NREL@rex_sbom.json,pkg:github/docker%3A/#ghcr.io/github/super-linter:slim-v4,failed to parse purl into a package with error: purl is missing name
NREL@rts-vis-app_sbom.json,,no components
NREL@scc_sbom.json,,no components
NREL@skyline_sbom.json,,no components
NREL@streamm-tools-tests_sbom.json,,no components
NREL@streamm-tools_sbom.json,,no components
NREL@sulfur_tes_ml_sbom.json,,no components
NREL@tih-vqe_sbom.json,,json parse error: unexpected end of JSON input
NREL@tracknodes_sbom.json,,no components
NREL@turbine-models_sbom.json,,no components
NREL@virtual-battery-aggregator_sbom.json,,no components
NREL@volttime_sbom.json,,no components
NREL@wtDigiTwin_sbom.json,,no components
NSLS-II@Bug-Reports_sbom.json,,no components
NSLS-II@GeRM_sbom.json,,no components
NSLS-II@album_sbom.json,,no components
NSLS-II@amostra_sbom.json,,no components
NSLS-II@aps-trial_sbom.json,,no components
NSLS-II@arvpyf_sbom.json,,no components
NSLS-II@bcsio_sbom.json,,no components
NSLS-II@bluesky-kafka_sbom.json,,no components
NSLS-II@bluesky-zmq-debian_sbom.json,,no components
NSLS-II@broker-search_sbom.json,,no components
NSLS-II@broker-tutorial_sbom.json,,no components
NSLS-II@brokerStreamServer_sbom.json,,no components
NSLS-II@caproto-lightning-slides_sbom.json,,no components
NSLS-II@channelarchiver_sbom.json,,no components
NSLS-II@controls-doctor_sbom.json,,no components
NSLS-II@dark-subtraction-demo_sbom.json,,no components
NSLS-II@databroker-browser_sbom.json,,no components
NSLS-II@databroker-elasticsearch_sbom.json,,no components
NSLS-II@datamuxer_sbom.json,,no components
NSLS-II@debian-with-miniconda_sbom.json,,no components
NSLS-II@depfinder_sbom.json,,no components
NSLS-II@doc_sbom.json,,no components
NSLS-II@docker-collection_sbom.json,,no components
NSLS-II@docs_sbom.json,,no components
NSLS-II@eiger-io_sbom.json,,no components
NSLS-II@epics-modules_sbom.json,,no components
NSLS-II@exceptional_sbom.json,,no components
NSLS-II@intake-bluesky-cookiecutter_sbom.json,,no components
NSLS-II@ipylus_sbom.json,,no components
NSLS-II@ispyb-bnl_sbom.json,,no components
NSLS-II@lightsource2-recipes_sbom.json,,no components
NSLS-II@metadataservice_sbom.json,,no components
NSLS-II@mily_sbom.json,,no components
NSLS-II@nbexamples_sbom.json,,no components
NSLS-II@nsls2-c_sbom.json,,no components
NSLS-II@olo_sbom.json,,no components
NSLS-II@pipelines_sbom.json,,no components
NSLS-II@plans-tutorial_sbom.json,,no components
NSLS-II@prototype-processin_sbom.json,,no components
NSLS-II@pyOlo_sbom.json,,no components
NSLS-II@qcintimin_sbom.json,,no components
NSLS-II@recordwha_sbom.json,,no components
NSLS-II@replay_sbom.json,,no components
NSLS-II@sciprovenance_sbom.json,,no components
NSLS-II@sphinx-multibuild_sbom.json,,no components
NSLS-II@staged-recipes_sbom.json,,no components
NSLS-II@suitcase-fabio_sbom.json,,no components
NSLS-II@suitcase-germ_sbom.json,,no components
NSLS-II@suitcase-json_sbom.json,,no components
NSLS-II@suitcase-nexus_sbom.json,,no components
NSLS-II@suitcase-pizza-box_sbom.json,,no components
NSLS-II@suitcase-pyxrf_sbom.json,,no components
NSLS-II@suitcase-xd_sbom.json,,no components
NSLS-II@summer-interns_sbom.json,,no components
NSLS-II@summer-student-exercises_sbom.json,,no components
NSLS-II@synthetic-data_sbom.json,,no components
NSLS-II@vertical-integration_sbom.json,,no components
NSLS-II@xspress3_sbom.json,,no components
NVIDIA@df-nvshmem-prototype_sbom.json,,no components
NVIDIA@flownet2-pytorch_sbom.json,,no components
NVlabs@NVB_sbom.json,,no components
NuclearData@ACEForma_sbom.json,,no components
OKotevska@PrivacyAlgorithms_sbom.json,,no components
ORNL-BTRIC@AutoBEM-DynamicArchetypes_sbom.json,,no components
ORNL-BTRIC@Autotune_sbom.json,,no components
ORNL-BTRIC@ModbusXMLSchema_sbom.json,,no components
ORNL-BTRIC@weatherization-assistant-neat-mhea_sbom.json,,no components
ORNL-CEES@Cap_sbom.json,,no components
ORNL-CEES@DTKData_sbom.json,,no components
ORNL-CEES@MCREX_sbom.json,,no components
ORNL-CEES@Profugus_sbom.json,,no components
ORNL-CEES@thermochimica_sbom.json,,no components
ORNL-Fusion@AE3D_sbom.json,,no components
ORNL-Fusion@Stellgap_sbom.json,,no components
ORNL-Fusion@plsm_sbom.json,,no components
ORNL-MDF@ramen_sbom.json,,no components
ORNL-Modelica@TRANSFORM-Library_sbom.json,,no components
ORNL-PE@miniMDock_sbom.json,,no components
ORNL-QCI@ExaTENSOR_sbom.json,,no components
ORNL-QCI@ScaffCC_sbom.json,,no components
ORNL-QCI@TISCC_sbom.json,,no components
ORNL-QCI@annie-rose_sbom.json,,no components
ORNL-QCI@armish-fireplace_sbom.json,,no components
ORNL-QCI@eldispacho_sbom.json,,no components
ORNL-QCI@orsoqs_sbom.json,,no components
ORNL-QCI@ovs_sbom.json,,no components
ORNL-QCI@qvm_sbom.json,,no components
ORNL-QCI@sabo_sbom.json,,no components
ORNL-TechInt@DDNTool_v2_sbom.json,,no components
ORNL-TechInt@lester_sbom.json,,no components
ORNL-TechInt@oddmon_sbom.json,,no components
ORNL@DD-AADL_sbom.json,,no components
ORNL@DDStore_sbom.json,,no components
ORNL@HPDM-STD205_sbom.json,,no components
ORNL@MultiDistTorch_sbom.json,,no components
ORNL@PDMATLAB2D_sbom.json,,no components
ORNL@ParrLO_sbom.json,,no components
ORNL@RSBench_sbom.json,,no components
ORNL@ShareAnalytics_sbom.json,,no components
ORNL@Systemd_Snapsho_sbom.json,,no components
ORNL@WeldPredictor_sbom.json,,no components
ORNL@experiment_orchestration_sbom.json,,no components
ORNL@gr_sbom.json,,no components
ORNL@kelvin_sbom.json,,no components
ORNL@mcr-container-tools_sbom.json,,no components
ORNL@meumapps_ss_sbom.json,,no components
ORNL@pcapmunger_sbom.json,,no components
ORNL@pf_tutorial_codes_sbom.json,,no components
ORNL@pyvnc_clien_sbom.json,,no components
ORNL@soar_survey_scorin_sbom.json,,no components
ORNL@superneuroma_sbom.json,,no components
ORNL@systemburn_sbom.json,,no components
ORNLJulia@Privacy.jl_sbom.json,,no components
OpenMP@Examples_sbom.json,,no components
PASSIONLab@ELBA_sbom.json,,no components
PASSIONLab@HUNTRESS_sbom.json,,no components
PASSIONLab@PASTIS_sbom.json,,no components
PATRIC3@mic_prediction_sbom.json,,no components
PNNL-Comp-Mass-Spec@AmpsSDK_sbom.json,,no components
PNNL-Comp-Mass-Spec@BP-Quan_sbom.json,,no components
PNNL-Comp-Mass-Spec@BioPython_Scripts_sbom.json,,no components
PNNL-Comp-Mass-Spec@DBSchema_MTS_sbom.json,,no components
PNNL-Comp-Mass-Spec@DMS-EMail-Manager_sbom.json,,no components
PNNL-Comp-Mass-Spec@DMS-Instrument-Directory-Scanner_sbom.json,,no components
PNNL-Comp-Mass-Spec@DMS-Program-Runner-Service_sbom.json,,no components
PNNL-Comp-Mass-Spec@DMS-Space-Manager_sbom.json,,no components
PNNL-Comp-Mass-Spec@DMS-Website_sbom.json,pkg:generic/composer@2.8.2,failed to get coordinates from purl: pkg:generic/composer@2.8.2
PNNL-Comp-Mass-Spec@Data-Import-Manager_sbom.json,,no components
PNNL-Comp-Mass-Spec@DataPackage-Archive-Manager_sbom.json,,no components
PNNL-Comp-Mass-Spec@Fasta-File-Splitter_sbom.json,,no components
PNNL-Comp-Mass-Spec@Fasta-Organism-Filter_sbom.json,,no components
PNNL-Comp-Mass-Spec@File-Comparison-Sampler_sbom.json,,no components
PNNL-Comp-Mass-Spec@FlexibleFileSortUtility_sbom.json,,no components
PNNL-Comp-Mass-Spec@IMS-Drift-Time-Aligner_sbom.json,,no components
PNNL-Comp-Mass-Spec@LC-IMS-MS-Feature-Finder_sbom.json,,no components
PNNL-Comp-Mass-Spec@LipidFDR_sbom.json,,no components
PNNL-Comp-Mass-Spec@LipidMiniOn_sbom.json,,no components
PNNL-Comp-Mass-Spec@List-Windows-Shares_sbom.json,,no components
PNNL-Comp-Mass-Spec@MSCC_sbom.json,,no components
PNNL-Comp-Mass-Spec@MetaboliteValidation_sbom.json,,no components
PNNL-Comp-Mass-Spec@MetabolomicsCCS_sbom.json,,no components
PNNL-Comp-Mass-Spec@MyEMSL-Reader_sbom.json,,no components
PNNL-Comp-Mass-Spec@Mzid-To-Tsv-Converter_sbom.json,,no components
PNNL-Comp-Mass-Spec@OBO-Data-Converter_sbom.json,,no components
PNNL-Comp-Mass-Spec@SMAQC_Website_sbom.json,pkg:generic/composer@2.2.6,failed to get coordinates from purl: pkg:generic/composer@2.2.6
PNNL-Comp-Mass-Spec@Thermo-Raw-File-Reader_sbom.json,,no components
PNNL-Comp-Mass-Spec@Uniprot-DAT-File-Parser_sbom.json,,no components
PNNL-Comp-Mass-Spec@Unpivot-Tool_sbom.json,,no components
PNNL-Comp-Mass-Spec@VSProj-NuGet-Version-Updater_sbom.json,,no components
PNNL-Comp-Mass-Spec@Venn-Diagram-Plotter_sbom.json,,no components
PNNL-Comp-Mass-Spec@bsf-core_sbom.json,,no components
PNNL-Comp-Mass-Spec@bsf-py_sbom.json,,no components
PNNL-Comp-Mass-Spec@celegans.agin_sbom.json,,no components
PNNL-Comp-Mass-Spec@glmnetGLR_sbom.json,,no components
PNNL-Comp-Mass-Spec@rmd-runs_sbom.json,,no components
PNNL-CompBio@Boltzmann_sbom.json,,no components
PNNL-CompBio@bayesian-inference_sbom.json,,no components
PNNL-CompBio@perseq_sbom.json,,no components
PNNL-CompBio@pf-gnn_pl_sbom.json,,no components
PNNL-OE-Redox-Flow-Battery-Cost-Tool@PNNL-OE-Redox-Flow-Battery-Cost-Tool_sbom.json,,no components
PRUNERS@CLMPI_sbom.json,,no components
PRUNERS@NINJA_sbom.json,,no components
PRUNERS@PRUNERS-Toolse_sbom.json,,no components
PRUNERS@ReMPI_sbom.json,,no components
PRUNERS@StackP_sbom.json,,no components
PRUNERS@archer_sbom.json,,no components
PRUNERS@compiler-r_sbom.json,,no components
PRUNERS@llvm_archer_sbom.json,,no components
PRUNERS@openmp_sbom.json,,no components
PV-Lab@SL-PerovskiteOp_sbom.json,,no components
PaNGalaxy@oidc-utils_sbom.json,,no components
ParAlg@ParGeo_sbom.json,,no components
PetaVision@OpenPV_sbom.json,,no components
PhilipSmith-Canada@EthyleneOxideHomeWork_sbom.json,,no components
PoSeiDon-Workflows@FlowBench-Raw-Workflow-Data_sbom.json,,no components
PoSeiDon-Workflows@FlowGAD_sbom.json,,no components
PoSeiDon-Workflows@LLM_AD_sbom.json,,no components
PoSeiDon-Workflows@RADT_scripts_for_network_research_sbom.json,,no components
PolyLaue@PolyLaue_sbom.json,,no components
PowerSystemsHIL@EPHCC_sbom.json,,no components
PrincetonUniversity@EDIPIC-2D_sbom.json,,no components
PrincetonUniversity@EDIPIC_sbom.json,,no components
PrincetonUniversity@cuOrb_sbom.json,,no components
PrincetonUniversity@i2mex_sbom.json,,no components
PrincetonUniversity@xicsr_sbom.json,,no components
ProjectQ-Framework@FermiLib_sbom.json,,no components
PyProveIt@Prove-I_sbom.json,,no components
QuantumComputingLab@f3c_sbom.json,,no components
QuantumComputingLab@f3cpp_sbom.json,,no components
QuantumComputingLab@fable_sbom.json,,no components
QuantumComputingLab@qclab_sbom.json,,no components
QuantumComputingLab@qclabpp_sbom.json,,no components
RUS-ORNL@RUScal_sbom.json,,no components
Rapid-Design-of-Systems-Laboratory@beluga_sbom.json,,no components
Repast@chiSIM_sbom.json,,no components
Repast@repast.hpc_sbom.json,,no components
Robbybp@pselib_sbom.json,,no components
SAFL-CFD-Lab@VFS-Wind_sbom.json,,no components
SCIInstitute@ImageVis3D_sbom.json,,no components
SEED-platform@seedlin_sbom.json,,no components
SMASHtoolbox@release_sbom.json,,no components
SOLLVE@ECP-ST-CAR-PUBLIC_sbom.json,,no components
SOLLVE@clan_sbom.json,,no components
SOLLVE@llvm-test-suite_sbom.json,,no components
SOLLVE@llvm_sbom.json,,no components
SOLLVE@openmp-lws_sbom.json,,no components
SOLLVE@sollve_vv_sbom.json,,no components
SSAgov@ANDI_sbom.json,,no components
SSAgov@MongoCodeWrapper_sbom.json,,no components
SSAgov@YANKI_sbom.json,,no components
SSAgov@data.json-url-checker_sbom.json,,no components
SSAgov@dce-web_sbom.json,,no components
SamuelMulder@oxide_sbom.json,,no components
SandiaMLMiniApps@miniGAN_sbom.json,,no components
SandiaPSL@SandiaPSL.github.io_sbom.json,,no components
SandiaTestAccount@PVLIB_Matlab_sbom.json,,no components
SchedMD@slurm_sbom.json,,no components
SelfDrivingNetworkLab@hps-rl_sbom.json,,no components
Smart-DS@GO-3-data-model_sbom.json,,no components
Smart-DS@sssmatch_sbom.json,,no components
SpinWaveGenie@SpinWaveGenie_sbom.json,,no components
StantonMartin@hyperkube_sbom.json,,no components
TDIV@TBM3_sbom.json,,no components
TomEdmunds@DispatchTable_sbom.json,,no components
US-CBP@bems-theme-react-starter_sbom.json,,no components
US-CBP@cbp-style-guide_sbom.json,,no components
US-CBP@ng2-cbp-quickStar_sbom.json,,no components
USAID-MCIO@USAIDGmailSaveMessageExtension-_sbom.json,,no components
USArmyResearchLab@ARL-Open-Source-Guidance-and-Instructions_sbom.json,,no components
USArmyResearchLab@ARL_Discrete_Chemical_Compound_Space_Optimization_sbom.json,,no components
USArmyResearchLab@ARL_Topologies_sbom.json,,no components
USArmyResearchLab@Dshell_sbom.json,,no components
USArmyResearchLab@ParaPower_sbom.json,,no components
USDA-ARS-AGIL@BovineTFBS_sbom.json,,no components
USDA-ARS-AGIL@cattleCNV_sbom.json,,no components
USDA-ARS-AGIL@tfbsConsSites_sbom.json,,no components
USDA-ARS-NWRC@ipw_sbom.json,,no components
USDA-FSA@fsa-prototype-k_sbom.json,,no components
USDA-FSA@fsa-style_sbom.json,,no components
USDA-FSA@playbook-draft-conten_sbom.json,,no components
USDA-REE-ERS@data-apis_sbom.json,,no components
USDA-REE-ERS@website-content-ap_sbom.json,,no components
USDA-REE-ERS@widgets_sbom.json,,no components
USDA-VS@vSNP_sbom.json,,no components
USDA@RIDB_sbom.json,,no components
USDA@data-standards_sbom.json,,no components
USDAForestService@fs-open-fores_sbom.json,,no components
USDepartmentofLabor@API-Status_sbom.json,,no components
USDepartmentofLabor@APIv2-Admin_sbom.json,,no components
USDepartmentofLabor@APIv2_sbom.json,,no components
USDepartmentofLabor@Android_DOLDataSDK_sbom.json,,no components
USDepartmentofLabor@Binary-Context-Transformer_sbom.json,,no components
USDepartmentofLabor@ColdFusion-Federal-SDK_sbom.json,,no components
USDepartmentofLabor@ColdFusion-Sample-App_sbom.json,,no components
USDepartmentofLabor@Conversions_sbom.json,,no components
USDepartmentofLabor@DOL-Timeshee_sbom.json,,no components
USDepartmentofLabor@DOLAPI_sbom.json,,no components
USDepartmentofLabor@DOLDataSDK-iOS_sbom.json,,no components
USDepartmentofLabor@DOL_Locations_sbom.json,,no components
USDepartmentofLabor@DotNet_DOLDataSDK_sbom.json,,no components
USDepartmentofLabor@FederalRegister_sbom.json,,no components
USDepartmentofLabor@Intelligent-Personal-Assistants_sbom.json,,no components
USDepartmentofLabor@JS-Dashboard_sbom.json,,no components
USDepartmentofLabor@Kanban_sbom.json,,no components
USDepartmentofLabor@LaborStats-Android_sbom.json,,no components
USDepartmentofLabor@LaborStats-iOS_sbom.json,,no components
USDepartmentofLabor@Mobile-Accessibility-Test-Scrip_sbom.json,,no components
USDepartmentofLabor@Mobile-Child-Labor-Participant-Monitoring-Application_sbom.json,,no components
USDepartmentofLabor@OAHA-Heat-Safety-Android-Es_sbom.json,,no components
USDepartmentofLabor@OSHA-Heat-Safety-Swif_sbom.json,,no components
USDepartmentofLabor@OSHA-Heat-Safety-iOS_sbom.json,,no components
USDepartmentofLabor@OSHA-Heat-Safety_sbom.json,,no components
USDepartmentofLabor@PHP-Sample-App_sbom.json,,no components
USDepartmentofLabor@PHP_DOLDataSDK_sbom.json,,no components
USDepartmentofLabor@Public-Data-Listing-Consolidator_sbom.json,,no components
USDepartmentofLabor@Quarry-Admin_sbom.json,,no components
USDepartmentofLabor@Quarry_sbom.json,,no components
USDepartmentofLabor@Ruby-Sample-App_sbom.json,,no components
USDepartmentofLabor@Ruby_DOLDataSDK_sbom.json,,no components
USDepartmentofLabor@SWXMLHash_sbom.json,,no components
USDepartmentofLabor@StrategyTrackeriPad_sbom.json,,no components
USDepartmentofLabor@Swift-Federal-Data-SDK_sbom.json,,no components
USDepartmentofLabor@Swift-Sample-App_sbom.json,,no components
USDepartmentofLabor@Weather_sbom.json,,no components
USDepartmentofLabor@YammerDataDump_sbom.json,,no components
USDepartmentofLabor@dol-whd-14c_sbom.json,,no components
USDepartmentofLabor@eFOH_sbom.json,,no components
USDepartmentofLabor@forms-library-migration_sbom.json,,no components
USDepartmentofLabor@iOS-Sample-App_sbom.json,,no components
USDepartmentofLabor@interactive-chart-maker_sbom.json,,no components
USDepartmentofLabor@node-dol-ap_sbom.json,,no components
USDepartmentofLabor@public-data-listin_sbom.json,,no components
USEPA@AALM_sbom.json,,no components
USEPA@AHA_sbom.json,,no components
USEPA@AIM_Toolbox_sbom.json,,no components
USEPA@AMET_sbom.json,,no components
USEPA@AQS_Data_Analysis_Tools_sbom.json,,no components
USEPA@AddDemographicLayers-widget-js_sbom.json,,no components
USEPA@AddLayerFromWeb-widget-js_sbom.json,,no components
USEPA@BEEP_sbom.json,,no components
USEPA@BIS_sbom.json,,no components
USEPA@CEMConver_sbom.json,,no components
USEPA@CFM-ID_generation_of_CompTox_Chemicals_Dashboard_Structures_Paper_sbom.json,,no components
USEPA@CGEM_sbom.json,,no components
USEPA@CIMC-ArcGIS-Services-Monitorin_sbom.json,,no components
USEPA@CIP-service_sbom.json,,no components
USEPA@CISA-BOD-22-01-Splunk_sbom.json,,no components
USEPA@CMAQ_ADJOINT_sbom.json,,no components
USEPA@COC_sbom.json,,no components
USEPA@CONUS-Nutrient-and-Chlorophyll-Modelin_sbom.json,,no components
USEPA@CRACMM_sbom.json,,no components
USEPA@CTI-IOC-Processor_sbom.json,,no components
USEPA@CTI-Mandiant-Advantage_sbom.json,,no components
USEPA@CTI-Microsoft-Defender-ATP_sbom.json,,no components
USEPA@Chlorine_Breakpoint_Curve_Simulator_sbom.json,,no components
USEPA@CityWaterBalance_sbom.json,,no components
USEPA@Coastal_Ecological_Indicators_sbom.json,,no components
USEPA@CompTox-APCRA-pro_sbom.json,,no components
USEPA@CompTox-ChemInf-HazardComparisonDashboard-API_sbom.json,,no components
USEPA@CompTox-ChemInf-HazardComparisonDashboard-UI_sbom.json,,no components
USEPA@CompTox-ChemInf-ModelExperiments-ErrorEffects_sbom.json,,no components
USEPA@CompTox-ChemInf-ModelFunctions-FS-mordred_sbom.json,,no components
USEPA@CompTox-ChemInf-ModelFunctions-FS-padel_sbom.json,,no components
USEPA@CompTox-ChemInf-ModelFunctions-FS-rdk_sbom.json,,no components
USEPA@CompTox-ChemInf-ModelFunctions-FS-testDescriptors_sbom.json,,no components
USEPA@CompTox-ChemInf-ModelFunctions-FS-toxprints_sbom.json,,no components
USEPA@CompTox-ChemInf-ModelManagement-Datasets_sbom.json,,no components
USEPA@CompTox-ChemInf-ModelManagement-FeatureSets_sbom.json,,no components
USEPA@CompTox-ChemInf-ModelManagement-Standardizations_sbom.json,,no components
USEPA@CompTox-ChemInf-SimiliaritySearch_sbom.json,,no components
USEPA@CompTox-Chemistry-Dashboard-Abstract-Sifter_sbom.json,,no components
USEPA@CompTox-Evaluation-DNTNAMs_sbom.json,,no components
USEPA@CompTox-ExpoCast-Emissivity_sbom.json,,no components
USEPA@CompTox-ExpoCast-SSAMetabolism_sbom.json,,no components
USEPA@CompTox-ExpoCast-httk_sbom.json,,no components
USEPA@CompTox-ExpoCast-invivoPKf_sbom.json,,no components
USEPA@CompTox-Expocast-Caco2_sbom.json,,no components
USEPA@CompTox-GenRA-acutetox-comptoxicol_sbom.json,,no components
USEPA@CompTox-HTH295R-SAR_sbom.json,,no components
USEPA@CompTox-HTTr-EMCON_sbom.json,,no components
USEPA@CompTox-HTTr-RCAS_sbom.json,,no components
USEPA@CompTox-HumanExposure-bayesmarker_sbom.json,,no components
USEPA@CompTox-MIEML_sbom.json,,no components
USEPA@CompTox-PFAS-DNT_sbom.json,,no components
USEPA@CompTox-PFASHalfLife_sbom.json,,no components
USEPA@CompTox-PK-CvTdb_sbom.json,,no components
USEPA@CompTox-Reproducibility-Organ-Effects_sbom.json,,no components
USEPA@CompTox-ToxCast-EDSPsteroidogenesis_sbom.json,,no components
USEPA@CompTox-ToxCast-tcplFit2_sbom.json,,no components
USEPA@CompTox-ToxCast_EDSPsteroidogenesis_prioritization_sbom.json,,no components
USEPA@CompTox-ToxRefDB_sbom.json,,no components
USEPA@CompTox-Virtual-Tissues-livertox-cr_sbom.json,,no components
USEPA@CompTox-cellprofiler_sbom.json,,no components
USEPA@CompTox-httrpathway_sbom.json,,no components
USEPA@CompTox-httrpl_sbom.json,,no components
USEPA@Comptox-Chemistry-Registration_sbom.json,,no components
USEPA@CoralBCG_sbom.json,,no components
USEPA@DDES_CoP_sbom.json,,no components
USEPA@DIO_sbom.json,,no components
USEPA@Dasymetric-Toolbox-ArcGISPro_sbom.json,,no components
USEPA@Dasymetric-Toolbox-OpenSource_sbom.json,,no components
USEPA@Data-Viz-ggplot2_sbom.json,,no components
USEPA@DeconST_sbom.json,,no components
USEPA@DelawareRiverDO_sbom.json,,no components
USEPA@DissolvedGasNla_sbom.json,,no components
USEPA@Document_Processing_Scripts_sbom.json,,no components
USEPA@DvMsp_sbom.json,,no components
USEPA@EDG-Clip-N-Ship-flex_sbom.json,,no components
USEPA@EE_DVcalc_sbom.json,,no components
USEPA@EPA-Metadata-Editor-3_sbom.json,,no components
USEPA@EPA-Metadata-Editor-4_sbom.json,,no components
USEPA@EPA-Metadata-Editor-5_sbom.json,,no components
USEPA@EPANET-legacy-user-interface_sbom.json,,no components
USEPA@EPA_Express_Code_sbom.json,,no components
USEPA@EPA_GeoPlatform_Dashboard_sbom.json,,no components
USEPA@EPA_HD_CTI_BCA_sbom.json,,no components
USEPA@EPA_Non-geo_Metadata_Editor_sbom.json,,no components
USEPA@EPA_RWET_Model_sbom.json,,no components
USEPA@EcoHealth_Relationship_Browser_sbom.json,,no components
USEPA@EcoSEEM-Consensus-Model-for-Chemicals-in-Surface-Water_sbom.json,,no components
USEPA@EnviroAtlas_EGSbrowser_sbom.json,,no components
USEPA@EnviroAtlas_JSApp_sbom.json,,no components
USEPA@EoL4Chem_sbom.json,,no components
USEPA@Estimated_Floodplains_RandomFores_sbom.json,,no components
USEPA@Examining-the-Utility-of-In-Vitro-Bioactivity_sbom.json,,no components
USEPA@ExpoKids_sbom.json,,no components
USEPA@FDTool_sbom.json,,no components
USEPA@FRS-getfacilities-samples_sbom.json,,no components
USEPA@FisHRateZ_sbom.json,,no components
USEPA@FrEDI_NPD_sbom.json,,no components
USEPA@Free-Chlorine-Estimator-for-Dichlor-and-Trichlor-Systems_sbom.json,,no components
USEPA@Free_Chlorine_and_Cyanuric_Acid_Simulator_sbom.json,,no components
USEPA@GEPA_sbom.json,,no components
USEPA@GIFMod_sbom.json,,no components
USEPA@GSA-RFQ14613975-Supplemental-PWS-Additional-Resources_sbom.json,,no components
USEPA@GS_End-of-Life_Plastic_Additives_sbom.json,,no components
USEPA@Greenop_sbom.json,,no components
USEPA@HEDS_sbom.json,,no components
USEPA@HIO_sbom.json,,no components
USEPA@Heat-CVD-UHI-Dashboard_sbom.json,,no components
USEPA@I-WASTE_sbom.json,,no components
USEPA@IO-Model-Builder_sbom.json,,no components
USEPA@Inorganic_Chloramine_-Formation_and_Decay_Application_sbom.json,,no components
USEPA@Inventory_sbom.json,,no components
USEPA@LCAproductsystemassembly_resources_sbom.json,,no components
USEPA@LCCEditor_sbom.json,,no components
USEPA@LCMRL_calculator_sbom.json,,no components
USEPA@LEW_sbom.json,,no components
USEPA@LSPC-Loading-Simulation-Program_sbom.json,,no components
USEPA@LUMA_sbom.json,,no components
USEPA@LakeCa_sbom.json,,no components
USEPA@LakeTrophicModellin_sbom.json,,no components
USEPA@MC_Case_Study_sbom.json,,no components
USEPA@MIP_Project_Metrics_sbom.json,,no components
USEPA@MOMM-RFT_sbom.json,,no components
USEPA@MarineImpacts_sbom.json,,no components
USEPA@Marine_Emissions_Tools_sbom.json,,no components
USEPA@Microcystinchla_sbom.json,,no components
USEPA@Multiscale-Landscape-Prioritization-Code_sbom.json,,no components
USEPA@NARS-Data-Download-Tool_sbom.json,,no components
USEPA@NARS-Data-Extraction-Tool_sbom.json,,no components
USEPA@NARS-Population-Estimate-Shiny-Tool_sbom.json,,no components
USEPA@NATTS-HAP_sbom.json,,no components
USEPA@NCEDE_sbom.json,,no components
USEPA@NLA-context-tool_sbom.json,,no components
USEPA@NVFEL_MATLAB_Tools_sbom.json,,no components
USEPA@NetAssess2020_sbom.json,,no components
USEPA@NetAssess2025_sbom.json,,no components
USEPA@NutrientExplorer_sbom.json,,no components
USEPA@O3-Nowcas_sbom.json,,no components
USEPA@ONG-Analysis-2022-Supplemental-Proposal_sbom.json,,no components
USEPA@ONG-NSPS-OOOOa-Policy-Review-Analysis_sbom.json,,no components
USEPA@ONG-NSPS-OOOOa-Technical-Reconsideration-Analysis_sbom.json,,no components
USEPA@ORD_Plume_Paper_sbom.json,,no components
USEPA@ORD_SAB_Model_sbom.json,,no components
USEPA@ORD_Water_Source_2020_sbom.json,,no components
USEPA@OW-PFOS-PFOA-MCLG-support-PK-models_sbom.json,,no components
USEPA@OW_Survey_Design_Tool_sbom.json,,no components
USEPA@OneEPA-Standalone-App-Template_sbom.json,,no components
USEPA@OntologyOpenData_sbom.json,,no components
USEPA@OzoneWatch_sbom.json,,no components
USEPA@PAU4Chem_sbom.json,,no components
USEPA@PAU_case_study_sbom.json,,no components
USEPA@PDW_Paper_2020_sbom.json,,no components
USEPA@PFAS_EA_dus_sbom.json,,no components
USEPA@PHP-SDWIS-SAMPLE-Envirofacts-API_sbom.json,,no components
USEPA@PPMtools_sbom.json,,no components
USEPA@PRTR-QSTR-models_sbom.json,,no components
USEPA@Phytoplankton-Data-Analysis_sbom.json,,no components
USEPA@PiSCES_sbom.json,,no components
USEPA@Properties_Scraper_sbom.json,,no components
USEPA@Public_Web_AppBuilder_sbom.json,,no components
USEPA@Publication-Trackin_sbom.json,,no components
USEPA@Python_CoP_sbom.json,,no components
USEPA@QED_sbom.json,,no components
USEPA@R-User-Group_sbom.json,,no components
USEPA@R8WD_sbom.json,,no components
USEPA@R9-EFOM_sbom.json,,no components
USEPA@R9-GRP_sbom.json,,no components
USEPA@R9-NAUM-Public_sbom.json,,no components
USEPA@R9-START_sbom.json,,no components
USEPA@RBEROST_sbom.json,,no components
USEPA@RCRAStarterK_sbom.json,,no components
USEPA@RCRA_sbom.json,,no components
USEPA@R_Shiny_Workshop_2023_sbom.json,,no components
USEPA@Radiological-Recovery-Logistics-Tool_sbom.json,,no components
USEPA@Rapid-Benefit-Indicators-Tools_sbom.json,,no components
USEPA@Recreation_Benefits_sbom.json,,no components
USEPA@S2S-Tool_sbom.json,,no components
USEPA@SDAM-web-app_sbom.json,,no components
USEPA@SDWIS_Modernization_sbom.json,,no components
USEPA@SENTINEL_sbom.json,,no components
USEPA@SHC-Tools-Inventory_sbom.json,,no components
USEPA@SWMM-GUI_sbom.json,,no components
USEPA@SearchEFbyCity-widget-js_sbom.json,,no components
USEPA@SearchEFbyCounty-widget-js_sbom.json,,no components
USEPA@SearchEFbyState-widget-js_sbom.json,,no components
USEPA@SearchEFbyTribe-widget-js_sbom.json,,no components
USEPA@SearchEFbyZIP-widget-js_sbom.json,,no components
USEPA@StreamCa_sbom.json,,no components
USEPA@Superfund-GIS-StarterK_sbom.json,,no components
USEPA@TELSS_sbom.json,,no components
USEPA@TEVA-SPOT-GUI_sbom.json,,no components
USEPA@TRACT_sbom.json,,no components
USEPA@USEEIO_sbom.json,,no components
USEPA@Underground_Storage_Tank_Data_Schema_sbom.json,,no components
USEPA@VCPy_sbom.json,,no components
USEPA@Waste_Logistics_Tool_sbom.json,,no components
USEPA@Waste_Staging_Tool_sbom.json,,no components
USEPA@Water-Quality-Data-Analysis-Tool_sbom.json,,no components
USEPA@Water-Quality-Data-Discovery-Tool_sbom.json,,no components
USEPA@Water_Treatment_Models_sbom.json,,no components
USEPA@WetQual-GUI_sbom.json,,no components
USEPA@WetlandConnectivity_sbom.json,,no components
USEPA@XCode-RadNet-Sample-Envirofacts-API_sbom.json,,no components
USEPA@acesd_intro_r_sbom.json,,no components
USEPA@actonEC_sbom.json,,no components
USEPA@adep_sbom.json,,no components
USEPA@aed_r_sbom.json,,no components
USEPA@arcgis-indoors_sbom.json,,no components
USEPA@auto_redirect_example_sbom.json,,no components
USEPA@biggish_data_r_sbom.json,,no components
USEPA@bmds-online_sbom.json,,no components
USEPA@bmds-python_sbom.json,,no components
USEPA@built_food_environmen_sbom.json,,no components
USEPA@cTSI_sbom.json,,no components
USEPA@camd-eia-crosswalk_sbom.json,,no components
USEPA@campd-viz-gallery-facility-map_sbom.json,,no components
USEPA@ccdR_sbom.json,,no components
USEPA@climateBenefits_sbom.json,,no components
USEPA@compeco_sbom.json,,no components
USEPA@comptox-expocast-invitrodis_sbom.json,,no components
USEPA@comptox-toxcast-invitrodb_sbom.json,,no components
USEPA@decomp-eGRID-methodology_sbom.json,,no components
USEPA@dev_1_fish_advisories_sbom.json,,no components
USEPA@dev_2_farm_workers_sbom.json,,no components
USEPA@dev_5_watershed_directory_sbom.json,,no components
USEPA@dmap-ContDataQCSumViz_sbom.json,,no components
USEPA@dmap-RShade_sbom.json,,no components
USEPA@dmap-unified-search_sbom.json,,no components
USEPA@dmapSMP_sbom.json,,no components
USEPA@edsp-ar-subset-model-analysis_sbom.json,,no components
USEPA@edsp-full-text-llm_sbom.json,,no components
USEPA@egrid-explorer_sbom.json,,no components
USEPA@eis-bridge-tool_sbom.json,,no components
USEPA@elpaso-widget-js_sbom.json,,no components
USEPA@epa_r_workshop_2019_sbom.json,,no components
USEPA@epa_rmd_templates_sbom.json,,no components
USEPA@epafiles_sbom.json,,no components
USEPA@epanet-engine_sbom.json,,no components
USEPA@epanet-manual_sbom.json,,no components
USEPA@ertw_sbom.json,,no components
USEPA@facilitymatcher_sbom.json,,no components
USEPA@fallsLakeCH4_sbom.json,,no components
USEPA@fluoroproj_sbom.json,,no components
USEPA@freeware_auto_scrip_sbom.json,,no components
USEPA@ghe-announcemen_sbom.json,,no components
USEPA@ghs_data_python_sbom.json,,no components
USEPA@goatscape_sbom.json,,no components
USEPA@hivescience_sbom.json,,no components
USEPA@hkm2014ESA_sbom.json,,no components
USEPA@honeybee_sbom.json,,no components
USEPA@httrpl_pilo_sbom.json,,no components
USEPA@lake-conductivity-spin.manuscrip_sbom.json,,no components
USEPA@lake_photic_zone_sbom.json,,no components
USEPA@lakemorpho_manuscrip_sbom.json,,no components
USEPA@lcia-eutrophication_sbom.json,,no components
USEPA@lcmsfishdata_sbom.json,,no components
USEPA@lims_sbom.json,,no components
USEPA@litconnector_sbom.json,,no components
USEPA@materialflowlis_sbom.json,,no components
USEPA@mdbvue_sbom.json,,no components
USEPA@mhglmm.laplace_sbom.json,,no components
USEPA@modelling_hab_indices_sbom.json,,no components
USEPA@momar_sbom.json,,no components
USEPA@monitoring-insights_sbom.json,,no components
USEPA@msx_tools_sbom.json,,no components
USEPA@mulitResSurvey_sbom.json,,no components
USEPA@nanoQSAR_sbom.json,,no components
USEPA@national-surface-water-quality-survey_sbom.json,,no components
USEPA@nsink_manuscrip_sbom.json,,no components
USEPA@open-source-projects_sbom.json,,no components
USEPA@opp-efed-dw_sbom.json,,no components
USEPA@opp-efed-eco_sbom.json,,no components
USEPA@opp-efed-fate_sbom.json,,no components
USEPA@opp-efed-gistools_sbom.json,,no components
USEPA@opp-efed-hydro_sbom.json,,no components
USEPA@opp-efed-sam_sbom.json,,no components
USEPA@opp-efed-scenarios_sbom.json,,no components
USEPA@opp-efed-tools_sbom.json,,no components
USEPA@opp-efed-weather_sbom.json,,no components
USEPA@opp-efed_sbom.json,,no components
USEPA@pattern-scaled-climate-variables_sbom.json,,no components
USEPA@pdf-data-extraction_sbom.json,,no components
USEPA@pea_sbom.json,,no components
USEPA@pentaho-parser_sbom.json,,no components
USEPA@pfas-birthweight-meta-analysis_sbom.json,,no components
USEPA@plumbing-volume-tool_sbom.json,,no components
USEPA@prodgann_sbom.json,,no components
USEPA@projecting-the-suicide-burden-of-climate-change-in-the-united-states_sbom.json,,no components
USEPA@prototyping-django-cloud-gov-instructions_sbom.json,,no components
USEPA@pyle_sbom.json,,no components
USEPA@quickmapr_sbom.json,,no components
USEPA@reproducible_lakes_sbom.json,,no components
USEPA@reservoir-methane-trends-study_sbom.json,,no components
USEPA@reservoirGbm_sbom.json,,no components
USEPA@rethinking_ts_sbom.json,,no components
USEPA@revampd_sbom.json,pkg:github/docker%3A/#github/super-linter:latest,failed to parse purl into a package with error: purl is missing name
USEPA@ri_wq_trends_sbom.json,,no components
USEPA@sc-hfc_sbom.json,,no components
USEPA@scgh_sbom.json,,no components
USEPA@schfc_sbom.json,,no components
USEPA@share-no-cookies_sbom.json,,no components
USEPA@spatialdata.epaR2023_sbom.json,,no components
USEPA@spdata.sfs24_sbom.json,,no components
USEPA@spmodel.manuscrip_sbom.json,,no components
USEPA@spmodel.spatialstat2023_sbom.json,,no components
USEPA@spsurvey.manuscrip_sbom.json,,no components
USEPA@spworkshop.sfs24_sbom.json,,no components
USEPA@steve-pfeiffer-tes_sbom.json,,no components
USEPA@stream-intermittency-visualization-dashboard_sbom.json,,no components
USEPA@supply-chain-factors_sbom.json,,no components
USEPA@swmm-python-index_sbom.json,,no components
USEPA@toxvaldbmain_sbom.json,,no components
USEPA@toxvaldbstage_sbom.json,,no components
USEPA@treecompareR_sbom.json,,no components
USEPA@useeiopy_sbom.json,,no components
USEPA@watershed_integrity_sbom.json,,no components
USEPA@workshops_sbom.json,,no components
USNavalResearchLaboratory@TrackerComponentLibrary_sbom.json,,no components
UTNuclearRoboticsPublic@contact_control_sbom.json,,no components
UTNuclearRoboticsPublic@task_plannin_sbom.json,,no components
VALENCE-software@VALENCE_sbom.json,,no components
VOLTTRON@econ-dispatch_sbom.json,,no components
VOLTTRON@openeis_sbom.json,,no components
VeinsOfTheEarth@pareto_lake_area_sbom.json,,no components
VeinsOfTheEarth@waterbody_classification_ms_sbom.json,,no components
WEC-Sim@WDRT_sbom.json,,no components
WISDEM@AeroelasticSE_sbom.json,,no components
WISDEM@AirfoilPreppy_sbom.json,,no components
WISDEM@DriveSE_sbom.json,,no components
WISDEM@FLORISSE_sbom.json,,no components
WISDEM@FloatingSE_sbom.json,,no components
WISDEM@JacketSE_sbom.json,,no components
WISDEM@NREL_CSM_sbom.json,,no components
WISDEM@OffshoreBOS_sbom.json,,no components
WISDEM@Plant_CostsSE_sbom.json,,no components
WISDEM@RotorSE_sbom.json,,no components
WISDEM@TowerSE_sbom.json,,no components
WISDEM@Turbine_CostsSE_sbom.json,,no components
WISDEM@dakota_driver_sbom.json,,no components
WISDEM@pBEAM_sbom.json,,no components
WISDEM@pyDAKOTA_sbom.json,,no components
Watershed-Function-SFA@BASIN-3D_sbom.json,,no components
XiaohuaZhangLLNL@VinaLC_sbom.json,,no components
XiaohuaZhangLLNL@conveyorlc_sbom.json,,no components
Xyce@Xyce_sbom.json,,no components
Yeping-Hu@MeshGraph-RealDynSys_sbom.json,,no components
aaronrphillips@mcqr_sbom.json,,no components
aavilaherrera@flymatin_sbom.json,,no components
abcbitz@First_Collision_Source_Treatmen_sbom.json,,no components
abdennour@eks-trainin_sbom.json,,no components
acep-uaf@ADCP_Upsample_sbom.json,,no components
acep-uaf@MiGRIDS_DOE_MarineMicrogrids_sbom.json,,no components
adisoft17@spallmap_sbom.json,,no components
adisoft17@spallop_sbom.json,,no components
adlnet@RUSSEL_sbom.json,,no components
adlnet@Unity-xAPI-Wrapper_sbom.json,,no components
adlnet@cmi5-Client-Library_sbom.json,,no components
adlnet@flash-finder_sbom.json,,no components
adlnet@imi-cost-calc_sbom.json,,no components
adlnet@lrs-conformance-test-suite_sbom.json,,no components
adlnet@tla-kafka-cluster_sbom.json,,no components
adlnet@xAPI-Android-Roses_sbom.json,,no components
adlnet@xAPI-Profile-Matchin_sbom.json,,no components
adlnet@xAPI-SCORM-Profile_sbom.json,,no components
adlnet@xAPI-Spec_sbom.json,,no components
adlnet@xapi-authored-profiles_sbom.json,,no components
adlnet@xapi-jqm_sbom.json,,no components
adlnet@xapi-statement-viewer_sbom.json,,no components
adlnet@xapi-youtube_sbom.json,,no components
advanced-microcode-patching@shiva_sbom.json,,no components
aevasdekis@photon-sparse_sbom.json,,no components
afurches@Cell_Wall_LOE_sbom.json,,no components
aglavic@quicknxs_sbom.json,,no components
ajonko@RxFire_sbom.json,,no components
alankaplan@CTMLD_sbom.json,,no components
alankaplan@HDTMM_sbom.json,,no components
albertozeni@LOGAN_sbom.json,,no components
aldivi@caland_sbom.json,,no components
allahverdia@GridTrus_sbom.json,,no components
als-computing@bl1032_sbom.json,,no components
als-computing@splash-deploy_sbom.json,,no components
amartinezacosta@Low-cost-Aerosol-Jet-Printer_sbom.json,,no components
amy-tabb@CurveSkel-Tabb-Medeiros_sbom.json,,no components
andrewssobral@poblano_toolbox_sbom.json,,no components
aniketkt@Tomo2Mesh_sbom.json,,no components
aniketkt@TomoTwin_sbom.json,,no components
anthcourtney@ansible-role-cis-amazon-linux_sbom.json,,no components
apphys@hpsim_sbom.json,,no components
arbenson@fast-matmul_sbom.json,,no components
argonne-lcf@HPC-Patterns_sbom.json,,no components
argonne-lcf@autoperf_sbom.json,,no components
argonne-lcf@tacplus-do-auth_sbom.json,,no components
arras-energy@gridlabd-converters_sbom.json,,no components
arshadzahangirchowdhury@ROI-Finder_sbom.json,,no components
astolman@HyperHeadTail_sbom.json,,no components
at-aaims@OpenMxP_sbom.json,,no components
aulama2000@HMFC_sbom.json,,no components
b-coli@ICITools_sbom.json,,no components
bbartoldson@Adversarial-Robustness-Limits_sbom.json,,no components
bdabbs13@lvnm_sbom.json,,no components
bdsullivan@INDDGO_sbom.json,,no components
bensallen@pivauth_sbom.json,,no components
bhatiaharsh@TrajectoryExplorer_sbom.json,,no components
bhatiaharsh@naturalHHD_sbom.json,,no components
biodataganache@SIEVE-Ub_sbom.json,,no components
biorack@blink_sbom.json,,no components
biorack@bmc_bioinf_2016_erbilgin_sbom.json,,no components
biorack@ma_sbom.json,,no components
biorack@omaa_sbom.json,,no components
bloer@bgexplorer-demo_sbom.json,,no components
blondegeek@e3nn_tutorial_sbom.json,,no components
bnl@automating_XPCS_analysis_pub_sbom.json,,no components
bnl@pub-Maffettone_2020_08_sbom.json,,no components
boutproject@BOUT-2.0_sbom.json,,no components
bridgesra@beyond-the-hype-paper-code_sbom.json,,no components
bridgesra@soar_experiment_data_code_sbom.json,,no components
brnorris03@Orio_sbom.json,,json parse error: unexpected end of JSON input
bronevet@old_sigh_sbom.json,,no components
bronevet@sigh_sbom.json,,no components
brownjm1968@Jammy_sbom.json,,no components
brownjm1968@sesh_sbom.json,,no components
bssw-psip@bssw-psip.github.io_sbom.json,,no components
btswan87@isosceles_sbom.json,,no components
burtscher@LICO_sbom.json,,no components
callat-qcd@QED_M_sbom.json,,no components
callat-qcd@lalibe_sbom.json,,no components
callat-qcd@project_0vbb_sbom.json,,no components
candcook@TopN-PFS_sbom.json,,no components
carolzhou@Genome_sbom.json,,no components
carolzhou@PhATE_sbom.json,,no components
carolzhou@Protein_sbom.json,,no components
carolzhou@Virus_sbom.json,,no components
carolzhou@multiPhATE2_sbom.json,,no components
cawkwell@MC3_sbom.json,,no components
ccp137@SUGAR_sbom.json,,no components
cctbx-xfel@MLCell_sbom.json,,no components
cdcai@NRC_sbom.json,,no components
cdcai@R-tensorflow-projects_sbom.json,,no components
cdcai@autism_surveillance_sbom.json,,no components
cdcai@enriched-LSTMs_sbom.json,,no components
cdcai@injury-autocodin_sbom.json,,no components
chaos@dpk_sbom.json,,no components
chaos@dpkg-dotk_sbom.json,,no components
chaos@dpkg-scripts_sbom.json,,no components
chaos@ldiskfs_sbom.json,,no components
chaos@ldiskfsprogs_sbom.json,,no components
chaos@lustre-kdmu_sbom.json,,no components
chaos@netroo_sbom.json,,no components
chaos@nfsroo_sbom.json,,no components
chaos@ngrm_sbom.json,,no components
chaos@nodedia_sbom.json,,no components
chaos@nph_sbom.json,,no components
chaos@pathwalk_sbom.json,,no components
chaos@rquota_sbom.json,,no components
chaos@scrub_sbom.json,,no components
chaos@slurm-spank-plugins_sbom.json,,no components
chrisknewman@tusas_sbom.json,,no components
cinemascience@cinema_band_sbom.json,,no components
cinemascience@cinema_components_sbom.json,,no components
cinemascience@cinema_debye_scherrer_sbom.json,,no components
cinemascience@cinema_explorer_sbom.json,,no components
cinemascience@cinema_sbom.json,,no components
cinemascience@cinema_view_sbom.json,,no components
cinemascience@cvlib_sbom.json,,no components
cinemascience@cvlibd_sbom.json,,no components
cisagov@ACID_sbom.json,,no components
cisagov@CSAF_sbom.json,,no components
cisagov@ConPCA_tes_sbom.json,,no components
cisagov@ESXiArgs-Recover_sbom.json,,no components
cisagov@Epsilon_sbom.json,,no components
cisagov@Excel2STIX_sbom.json,,no components
cisagov@FLAREclient-container_sbom.json,,no components
cisagov@GMU-CYSE-Capstone-2020-21_sbom.json,,no components
cisagov@ICSNPP_sbom.json,pkg:github/docker%3A/#takanabe/github-actions-automate-projects:v0.0.1,failed to parse purl into a package with error: purl is missing name
cisagov@Katalon_API_Projec_sbom.json,,no components
cisagov@PNT-Integrity-Toolk_sbom.json,,no components
cisagov@PNT-Integrity_sbom.json,,no components
cisagov@ScubaGear_sbom.json,pkg:github/docker%3A/#pandoc/core:3.5,failed to parse purl into a package with error: purl is missing name
cisagov@Sogu_sbom.json,,no components
cisagov@Sparrow_sbom.json,,no components
cisagov@aws_playground_sbom.json,,no components
cisagov@beyond-dev_sbom.json,,no components
cisagov@bod-18-01-celery_sbom.json,,no components
cisagov@bod-18-01-terraform_sbom.json,,no components
cisagov@build-debian-buster-am_sbom.json,,no components
cisagov@copy-old-es-database_sbom.json,,no components
cisagov@cset-analytics_sbom.json,,no components
cisagov@cset-bucket-terraform_sbom.json,,no components
cisagov@cset-tes_sbom.json,,no components
cisagov@cyhy-commander_sbom.json,,no components
cisagov@cyhy-core_sbom.json,,no components
cisagov@cyhy-mailer_sbom.json,,no components
cisagov@dmarc-import-lambda_sbom.json,,no components
cisagov@dns_aud_sbom.json,,no components
cisagov@docker-fedora33-ansible_sbom.json,,no components
cisagov@domain-manager_sbom.json,,no components
cisagov@dotgov-rf_sbom.json,,no components
cisagov@elastic-ips-terraform_sbom.json,,no components
cisagov@fargate-browserless-tf-module_sbom.json,,no components
cisagov@fargate-service-tf-module_sbom.json,,no components
cisagov@fast-terraform_sbom.json,,no components
cisagov@github-projects-burndown-char_sbom.json,,no components
cisagov@github_org_name_change_sbom.json,,no components
cisagov@icsnpp-bacne_sbom.json,,no components
cisagov@icsnpp-bsap-ip_sbom.json,,no components
cisagov@icsnpp-bsap-serial_sbom.json,,no components
cisagov@icsnpp-bsap_sbom.json,,no components
cisagov@icsnpp-dnp3_sbom.json,,no components
cisagov@icsnpp-enip_sbom.json,,no components
cisagov@icsnpp-etherca_sbom.json,,no components
cisagov@icsnpp-ge-srtp_sbom.json,,no components
cisagov@icsnpp-genisys_sbom.json,,no components
cisagov@icsnpp-hart-ip_sbom.json,,no components
cisagov@icsnpp-modbus_sbom.json,,no components
cisagov@icsnpp-opcua-binary_sbom.json,,no components
cisagov@icsnpp-profinet-io-cm_sbom.json,,no components
cisagov@icsnpp-s7comm_sbom.json,,no components
cisagov@inl-aws_sbom.json,,missing metadata.component.name
cisagov@ipa-client-security-group-tf-module_sbom.json,,no components
cisagov@lambda_functions_sbom.json,,no components
cisagov@laptop_sbom.json,,no components
cisagov@mesa-packer_sbom.json,,no components
cisagov@packages_sbom.json,,no components
cisagov@parsnip_sbom.json,,no components
cisagov@pca-core_sbom.json,,no components
cisagov@pca-reports_sbom.json,,no components
cisagov@pca-terraform_sbom.json,,no components
cisagov@pca-vm-impor_sbom.json,,no components
cisagov@pen-testing-findings_sbom.json,,no components
cisagov@performance-parser_sbom.json,,no components
cisagov@restore-es-database-from-snapsho_sbom.json,,no components
cisagov@rva-terraform_sbom.json,,no components
cisagov@scoping-validation-tool_sbom.json,,no components
cisagov@shareable-soar-workflows_sbom.json,,no components
cisagov@sslyze-lambda_sbom.json,,no components
cisagov@supplychaingame_sbom.json,,no components
cisagov@tic3.0_sbom.json,,no components
cisagov@trustymail-lambda_sbom.json,,no components
cisagov@vdp-in-fceb_sbom.json,,no components
cisagov@vdp-scanner-lambda_sbom.json,,no components
cisagov@vulnerabilities_sbom.json,,no components
cisagov@vulnerable-instances_sbom.json,,no components
cisagov@vulnrichmen_sbom.json,,no components
cisagov@wasrepor_sbom.json,,no components
cjohnson-LANL@labquake_future_prediction_sbom.json,,no components
clangupc@clang-upc_sbom.json,,no components
clangupc@upc2c_sbom.json,,no components
cliffbueno@EastCoas_sbom.json,,no components
cliffbueno@KO_by_taxa_sbom.json,,no components
cliffbueno@SF_microbe_methane_sbom.json,,no components
cloud-gov@cg-manifests_sbom.json,,no components
cmecmetrics@autodataman_sbom.json,,no components
cmecmetrics@cmec-driver_sbom.json,,no components
cmecmetrics@cmec-module-man_sbom.json,,no components
cmecmetrics@example_cmec_module_sbom.json,,no components
cmks@DAS_Tool_sbom.json,,no components
cmsquared@brulilo_sbom.json,,no components
cmu-sei@gbtl_sbom.json,,no components
cneale-LANL@MuMMI-C21095_sbom.json,,no components
coolr-hpc@coolr-ubench_sbom.json,,no components
coolr-hpc@intercoolr_sbom.json,,no components
coolr-hpc@pycoolr_sbom.json,,no components
coolr-hpc@selfishloop_sbom.json,,no components
cosmon-collaboration@band_sbom.json,,no components
cphatak@SLADS-Ne_sbom.json,,no components
cphatak@full_tie_sbom.json,,no components
cphatak@mc_as_sbom.json,,no components
crvernon@labor_planner_sbom.json,,no components
csd-dev-tools@ClockworkVMs_sbom.json,,no components
csd-dev-tools@CloudStackProjectsNContributions_sbom.json,,no components
csd-dev-tools@ramdisk_sbom.json,,no components
cvmfs-contrib@cvmfs-user-pub_sbom.json,,no components
cwjsdsu@BigstickPublick_sbom.json,,no components
danielsjensen1@pymtensor_sbom.json,,no components
danielzt12@AD_LTEM_sbom.json,,no components
datavortex@QuanSimBench_sbom.json,,no components
daweighill@MPA_decomp_sbom.json,,no components
dblaschke-LANL@LEAD_sbom.json,,no components
dblaschke-LANL@PyDislocDyn_sbom.json,,no components
dbueno@euforia_sbom.json,,no components
deduce-dev@dac-man_sbom.json,,no components
department-of-veterans-affairs@Redacted-Public-Release-ADR-v3.42-Nov-2020_sbom.json,,no components
department-of-veterans-affairs@Redacted-Public-Release-AHOBPRe-v4.3.15-Build-3-rec-Jan-2018_sbom.json,,no components
department-of-veterans-affairs@Redacted-Public-Release-AR-Build-3-May-2018_sbom.json,,no components
department-of-veterans-affairs@Redacted-Public-Release-CAPRI-Migration-P2-v1-DVBA_2.7_223-Sep-2020_sbom.json,,no components
department-of-veterans-affairs@Redacted-Public-Release-CARMA-P2-September-2020_sbom.json,,no components
department-of-veterans-affairs@Redacted-Public-Release-CC-EDI-P2-iter-PI-1-S4-Jun-2020_sbom.json,,no components
department-of-veterans-affairs@Redacted-Public-Release-CC-MD-v1.0-Provider-Locator-app-build-1-May-2018_sbom.json,,no components
department-of-veterans-affairs@Redacted-Public-Release-CC-OC-P1-Consult-Toolbox-1.9.006x-iter-2-gmrc-3.0-148-Oct-2019_sbom.json,,no components
department-of-veterans-affairs@Redacted-Public-Release-CC-REFDOC-v2.3-Jun-2018_sbom.json,,no components
department-of-veterans-affairs@Redacted-Public-Release-CC2-PPB-v13.1-Oct-2020_sbom.json,,no components
department-of-veterans-affairs@Redacted-Public-Release-CCC-BIS-EPRS-v1.6.0.0-patch-6.0-Aug-2020_sbom.json,,no components
department-of-veterans-affairs@Redacted-Public-Release-CCRA-R10.0.29.2-Sep-2020_sbom.json,,no components
department-of-veterans-affairs@Redacted-Public-Release-CPE-P2-v9-build-PI-1-CPEACA-1.0-001-CPEACA-1.0-002-May-2020_sbom.json,,no components
department-of-veterans-affairs@Redacted-Public-Release-CR-Enh-v1-Aug-2016_sbom.json,,no components
department-of-veterans-affairs@Redacted-Public-Release-CRM-PE-P2-Build-8.10.0.21-rec-Jun-2020_sbom.json,,no components
department-of-veterans-affairs@Redacted-Public-Release-CRM-PE-P2-v12.0.0.0-iter-12-Jan-2020_sbom.json,,no components
department-of-veterans-affairs@Redacted-Public-Release-CTT-DM-P2-Release-8-Jun-2018_sbom.json,,no components
department-of-veterans-affairs@Redacted-Public-Release-CUI-v2.5.0-Apr-2018_sbom.json,,no components
department-of-veterans-affairs@Redacted-Public-Release-Caregivers-Title-1-CareT-Release-1-iter-1-build-66-Mar-2017_sbom.json,,no components
department-of-veterans-affairs@Redacted-Public-Release-Caregivers-Tool-v1-iter-1-VIP-Build-4-Dec-2018_sbom.json,,no components
department-of-veterans-affairs@Redacted-Public-Release-DSM-P3-v3.1.1-Jun-2020_sbom.json,,no components
department-of-veterans-affairs@Redacted-Public-Release-EFRe-v1.3.15.8-Build-3-Jan-2018_sbom.json,,no components
department-of-veterans-affairs@Redacted-Public-Release-ESM-P3-DG_5.3_1027-Sep-2020_sbom.json,,no components
department-of-veterans-affairs@Redacted-Public-Release-GENISIS-v8-Jan-2018_sbom.json,,no components
department-of-veterans-affairs@Redacted-Public-Release-HEC-v1.5-Sprint-26-Build-6-Jul-2017_sbom.json,,no components
department-of-veterans-affairs@Redacted-Public-Release-HMIS-v5.1601-Feb-2016_sbom.json,,no components
department-of-veterans-affairs@Redacted-Public-Release-HR-Build-3-Jul-2018_sbom.json,,no components
department-of-veterans-affairs@Redacted-Public-Release-HTR-P4-v16.5-iter-3-WEBi-build-16.5.0.00301-Jun-2020_sbom.json,,no components
department-of-veterans-affairs@Redacted-Public-Release-JLV-CV-CV-3.2.0.0-Dec-2019_sbom.json,,no components
department-of-veterans-affairs@Redacted-Public-Release-KDR-Build-3-May-2018_sbom.json,,no components
department-of-veterans-affairs@Redacted-Public-Release-MCCF-EDI-TAS-P3-ePayments-R15-PRCA_4.5_367-IB_2.0_670-Aug-2020_sbom.json,,no components
department-of-veterans-affairs@Redacted-Public-Release-MRAR-v1.0.9-Jul-2017_sbom.json,,no components
department-of-veterans-affairs@Redacted-Public-Release-Mobile-Dev-P3-Move-Coach-Mobile-v1.0.46-iter-3-build-46-Feb-2018_sbom.json,,no components
department-of-veterans-affairs@Redacted-Public-Release-NCC-v7.2.0-iter-1-PSO-7-457-PSJ-5-327-OR-3-427-YS-5.01-122-Nov-2017_sbom.json,,no components
department-of-veterans-affairs@Redacted-Public-Release-PCL5-YS_501-5-Patches-Oct-2020_sbom.json,,no components
department-of-veterans-affairs@Redacted-Public-Release-PIT-Release-2-Build-2-Jun-2019_sbom.json,,no components
department-of-veterans-affairs@Redacted-Public-Release-PRE-GUI-AMPL-v0.1.0-build-0.8.0-91f-Aug-2020_sbom.json,,no components
department-of-veterans-affairs@Redacted-Public-Release-PRE-Inbound-ePrescribing-v3-build-3.0.5.008-Oct-2018_sbom.json,,no components
department-of-veterans-affairs@Redacted-Public-Release-RAMS-iter-2.3-build-4-Oct-2018_sbom.json,,no components
department-of-veterans-affairs@Redacted-Public-Release-TMP-P3-TMP-4.8.0-Jun-2020_sbom.json,,no components
department-of-veterans-affairs@Redacted-Public-Release-TR-Build-3-May-2018_sbom.json,,no components
department-of-veterans-affairs@Redacted-Public-Release-VINCI-Enh-DART-Jun-2016_sbom.json,,no components
department-of-veterans-affairs@Redacted-Public-Release-VIRP-P2-v2.2.6.191-build-3-Aug-2020_sbom.json,,no components
department-of-veterans-affairs@Redacted-Public-Release-VRESSAI-v5.1601-Feb-2016_sbom.json,,no components
department-of-veterans-affairs@Redacted-Public-Release-VSA-P2.5-v3.0.12-Jan-2017_sbom.json,,no components
department-of-veterans-affairs@foia-ACKQ-QUASAR_sbom.json,,no components
department-of-veterans-affairs@foia-ANRV-BLIND_REHAB_sbom.json,,no components
department-of-veterans-affairs@foia-CHDR-CLINICAL_HEALTH_REPOSITORY_sbom.json,,no components
department-of-veterans-affairs@foia-CPRS-TEMPLATES_sbom.json,,no components
department-of-veterans-affairs@foia-CRHD-SHIFT_HANDOFF_TOOL_sbom.json,,no components
department-of-veterans-affairs@foia-DGBT-BENEFICIARY_TRAVEL_sbom.json,,no components
department-of-veterans-affairs@foia-DGJ-INCOMPLETE_RECORD_TRACKING_sbom.json,,no components
department-of-veterans-affairs@foia-DI-VA_FILEMAN-VERSION_22-2_sbom.json,,no components
department-of-veterans-affairs@foia-DVBA-AMIE_sbom.json,,no components
department-of-veterans-affairs@foia-HDS-HEALTH_DATA_REPOSITORY_sbom.json,,no components
department-of-veterans-affairs@foia-MDWS-MEDICAL_DOMAIN_WEB_SERVICES_sbom.json,,no components
department-of-veterans-affairs@foia-WEBN-NUMI_sbom.json,,no components
department-of-veterans-affairs@foia-eas-enrollment-application-system_sbom.json,,no components
department-of-veterans-affairs@foia-ec-event-capture_sbom.json,,no components
department-of-veterans-affairs@foia-ecx-dss_sbom.json,,no components
department-of-veterans-affairs@foia-edp-emergency-department-integrated-software_sbom.json,,no components
department-of-veterans-affairs@foia-es-police-and-security_sbom.json,,no components
department-of-veterans-affairs@foia-fb-fee-basis_sbom.json,,no components
department-of-veterans-affairs@foia-fh-nutrition-and-food-service_sbom.json,,no components
department-of-veterans-affairs@foia-gec-generic-code-shee_sbom.json,,no components
department-of-veterans-affairs@foia-gmra-adverse-reaction-trackin_sbom.json,,no components
department-of-veterans-affairs@foia-gmrc-consults-trackin_sbom.json,,no components
department-of-veterans-affairs@foia-gmrv-vitals_sbom.json,,no components
department-of-veterans-affairs@foia-gmry-intake-outpu_sbom.json,,no components
department-of-veterans-affairs@foia-gmts-health-summary_sbom.json,,no components
department-of-veterans-affairs@foia-hbh-hospital-based-home-care_sbom.json,,no components
department-of-veterans-affairs@foia-hl-health-level-7_sbom.json,,no components
department-of-veterans-affairs@foia-ib-integrated-billin_sbom.json,,no components
department-of-veterans-affairs@foia-ibd-automated-info-system_sbom.json,,no components
department-of-veterans-affairs@foia-icd-drg-grouper_sbom.json,,no components
department-of-veterans-affairs@foia-ivm-income-verification-match_sbom.json,,no components
department-of-veterans-affairs@foia-jlv-joint-legacy-viewer_sbom.json,,no components
department-of-veterans-affairs@foia-lex-clinical-lexicon_sbom.json,,no components
department-of-veterans-affairs@foia-lr-laboratory_sbom.json,,no components
department-of-veterans-affairs@foia-mag-imagin_sbom.json,,no components
department-of-veterans-affairs@foia-mc-medicine_sbom.json,,no components
department-of-veterans-affairs@foia-mhv-my-healtheve_sbom.json,,no components
department-of-veterans-affairs@foia-nur-nursin_sbom.json,,no components
department-of-veterans-affairs@foia-ohrs-occupational-health-record-system_sbom.json,,no components
department-of-veterans-affairs@foia-oops-asists_sbom.json,,no components
department-of-veterans-affairs@foia-or-order-entry-results-reportin_sbom.json,,no components
department-of-veterans-affairs@foia-prc-ifcap_sbom.json,,no components
department-of-veterans-affairs@foia-prca-accounts-receivable_sbom.json,,no components
department-of-veterans-affairs@foia-prcn-equipment-request-turn-in_sbom.json,,no components
department-of-veterans-affairs@foia-prec-phamacy-enterprise-customization-system_sbom.json,,no components
department-of-veterans-affairs@foia-prem-mocha_sbom.json,,no components
department-of-veterans-affairs@foia-pren-phamracy-product-system-national_sbom.json,,no components
department-of-veterans-affairs@foia-prpf-patient-funds_sbom.json,,no components
department-of-veterans-affairs@foia-prs-paid_sbom.json,,no components
department-of-veterans-affairs@foia-psa-drug-accountability_sbom.json,,no components
department-of-veterans-affairs@foia-psb-bar-code-med-administration_sbom.json,,no components
department-of-veterans-affairs@foia-psd-controlled-substances_sbom.json,,no components
department-of-veterans-affairs@foia-psgw-auto-replenishment-ward-stock_sbom.json,,no components
department-of-veterans-affairs@foia-psj-inpatient-medications_sbom.json,,no components
department-of-veterans-affairs@foia-pso-outpatient-pharmacy_sbom.json,,no components
department-of-veterans-affairs@foia-pss-pharmacy-data-managemen_sbom.json,,no components
department-of-veterans-affairs@foia-psu-pharmacy-benefits-managemen_sbom.json,,no components
department-of-veterans-affairs@foia-psx-consolidated-mailout-pharmacy_sbom.json,,no components
department-of-veterans-affairs@foia-px-patient-care-encounter_sbom.json,,no components
department-of-veterans-affairs@foia-pxrm-clinical-reminders_sbom.json,,no components
department-of-veterans-affairs@foia-qac-patient-representative_sbom.json,,no components
department-of-veterans-affairs@foia-qan-incident-reportin_sbom.json,,no components
department-of-veterans-affairs@foia-qao-occurrence-screenin_sbom.json,,no components
department-of-veterans-affairs@foia-qaq-quality-assurance_sbom.json,,no components
department-of-veterans-affairs@foia-ra-radiology_sbom.json,,no components
department-of-veterans-affairs@foia-rmim-functional-independence_sbom.json,,no components
department-of-veterans-affairs@foia-rmpr-prosthetics_sbom.json,,no components
department-of-veterans-affairs@foia-rmpr-roes_sbom.json,,no components
department-of-veterans-affairs@foia-roeb-breast-cancer-registry_sbom.json,,no components
department-of-veterans-affairs@foia-roev-military-eye-vision-injury_sbom.json,,no components
department-of-veterans-affairs@foia-ror-clinical-registries_sbom.json,,no components
department-of-veterans-affairs@foia-rt-record-trackin_sbom.json,,no components
department-of-veterans-affairs@foia-sd-schedulin_sbom.json,,no components
department-of-veterans-affairs@foia-vbec-vista-blood-bank_sbom.json,,no components
department-of-veterans-affairs@foia-viab-vista-integration-adaptor_sbom.json,,no components
department-of-veterans-affairs@foia-vss-voluntary-timekeeping-service_sbom.json,,no components
department-of-veterans-affairs@foia-weba-veteran-authorization-and-preferences-vap-_sbom.json,,no components
department-of-veterans-affairs@foia-webc-veterans-health-id-card_sbom.json,,no components
department-of-veterans-affairs@foia-webp-pcc-patient-care-management-module_sbom.json,,no components
department-of-veterans-affairs@foia-wii-wounded-injured-and-ill_sbom.json,,no components
department-of-veterans-affairs@foia-wv-womens-health_sbom.json,,no components
department-of-veterans-affairs@foia-xm-mailman_sbom.json,,no components
department-of-veterans-affairs@foia-xu-kernel_sbom.json,,no components
department-of-veterans-affairs@foia-xwb-rpc-broker_sbom.json,,no components
department-of-veterans-affairs@foia-ys-mental-health_sbom.json,,no components
deptofdefense@SalSA_sbom.json,,no components
deptofdefense@eMCM_sbom.json,,no components
deptofdefense@gr-uaslink_sbom.json,,no components
deptofdefense@rtfn-mil_sbom.json,,no components
dfnWorks@dfnWorks-Version1.0_sbom.json,,no components
dfnWorks@dfnWorks-Version2.0_sbom.json,,no components
dgerb@Boost-Converter-Loss-Analysis_sbom.json,,no components
dgerb@DCBuildingSimModelica_sbom.json,,no components
dhidas@OSCARS_sbom.json,,no components
diatomic@tess2_sbom.json,,no components
dicengine@dice_sbom.json,,no components
ditour@ditour_sbom.json,,no components
dnbornl@beadtrackin_sbom.json,,no components
dod-advana@gamechanger_sbom.json,,no components
doecode@doecode_sbom.json,,no components
dongyingwu@TreeOTU_sbom.json,,no components
dpgrote@Forthon_sbom.json,,no components
drew-herron@nats.lv_sbom.json,,no components
dsgrid@webspinner_sbom.json,,no components
dun@conman_sbom.json,,no components
dun@munge_sbom.json,,no components
dwbarne@PYLOTDB_sbom.json,,no components
dyninst@mrne_sbom.json,,no components
eclipse-sumo@sumo_sbom.json,pkg:github/docker%3A/#quay.io/pypa/manylinux2014_x86_64,failed to parse purl into a package with error: purl is missing name
eeg-lanl@cov2-china2022_sbom.json,,no components
eeg-lanl@sarscov2-selection_sbom.json,,no components
ehneilsen@obstac10_sbom.json,,no components
ehneilsen@skybrigh_sbom.json,,no components
elvis-maradzike@cas-tn_sbom.json,,no components
embedded-sec@ACES_sbom.json,,no components
eregs@regulations-core_sbom.json,,no components
eregs@regulations-site_sbom.json,,no components
esnet@TCP-monitor_sbom.json,,no components
esnet@arista-tapagg-ansible_sbom.json,,no components
esnet@bro-ja3_sbom.json,,no components
esnet@calibers_sbom.json,,no components
esnet@docker_sbom.json,,no components
esnet@esnet-gh-pages-base_sbom.json,,no components
esnet@esnet-react-base_sbom.json,,no components
esnet@esnet-smartnic-hw_sbom.json,,no components
esnet@esviz_sbom.json,,no components
esnet@gnm_sbom.json,,no components
esnet@oscars-topology-json_sbom.json,,no components
esnet@pygnm_sbom.json,,no components
esnet@pysnow_sbom.json,,no components
esnet@react-ar_sbom.json,,no components
esnet@relay-tes_sbom.json,,no components
esnet@sans-holiday-hack-2018_sbom.json,,no components
esnet@sense-nrm-oscars_sbom.json,,no components
esnet@zeek_perfsonar_owamp_sbom.json,,no components
exalearn@EXARL_sbom.json,,no components
exmatex@ASPA_sbom.json,,no components
exmatex@VPFFT_sbom.json,,no components
exnehilo7@fielddata-lite-iOS-app_sbom.json,,no components
fecgov@FEC_sbom.json,,no components
fecgov@fec-infrastructure_sbom.json,,no components
fecgov@fec-proxy_sbom.json,,no components
fermilab-qc@docker-quantum_sbom.json,,no components
fermitools@htvault-conf_sbom.json,,no components
ffb-LANL@High-Magnetic-Field-Science-Toolse_sbom.json,,no components
ffb-LANL@resonant-ultrasound_sbom.json,,no components
flux-framework@capacitor_sbom.json,,no components
flux-framework@flux-scalability_sbom.json,,no components
foley352@polymer-diffusion_sbom.json,,no components
foxjas@CSNN_sbom.json,,no components
fperras@AMES-F_sbom.json,,no components
fperras@INTERFACES_sbom.json,,no components
frobnitzem@mpi_lis_sbom.json,,no components
ftuffner@DSIToolbox_sbom.json,,no components
fzahari@ParF_sbom.json,,no components
g1257@mpspp_sbom.json,,no components
gb4uer@RISE_sbom.json,,no components
gdfletcher@basic-hf-proxy_sbom.json,,no components
gelever@GAUSS_sbom.json,,no components
gfabbris@pypressxrd_sbom.json,,no components
gilshohet@plasma-bgkmd_sbom.json,,no components
giuliaguidi@XAVIER_sbom.json,,no components
globus-labs@stopping-power-ml_sbom.json,,no components
gmysage@pyxas_sbom.json,,no components
godotalgorithm@linear-scaling-tes_sbom.json,,no components
goett@TRPS_sbom.json,,no components
gollnlp@gollnlp_sbom.json,,no components
gopal-iyer@interpretable_ML_charge_density_sbom.json,,no components
goroda@Compressed-Continuous-Computation_sbom.json,,no components
gqcollins@BayesPPR_sbom.json,,no components
gregorburger@py_epane_sbom.json,,no components
grondo@lua-containers_sbom.json,,no components
grondo@lua-hostlis_sbom.json,,no components
grondo@numa-maps_sbom.json,,no components
gshs-ornl@ornlsolar_sbom.json,,no components
gshs-ornl@wbstats_sbom.json,,no components
hbrunie@PyFloT_sbom.json,,no components
hfinkel@web_view_sbom.json,,no components
hochawa@gconn_sbom.json,,no components
hpc-io@BD-CATS-IO_sbom.json,,no components
hpc-io@aiio_sbom.json,,no components
hpc-io@drish_sbom.json,,no components
hpc-io@taskworks_sbom.json,,no components
hpc-science@mc_on_accelerators_sbom.json,,no components
hpc@Spindle_sbom.json,,no components
hpc@give_sbom.json,,no components
hpc@gnawts_sbom.json,,no components
hpc@hpc-collab_sbom.json,pkg:rpm/Lmod@8.2.7-1.el7?arch=x86_64&epoch=0&upstream=Lmod-8.2.7-1.el7.src.rpm,failed to get coordinates from purl: pkg:rpm/Lmod@8.2.7-1.el7?arch=x86_64&epoch=0&upstream=Lmod-8.2.7-1.el7.src.rpm
hpc@hpc-collab_sbom.json,pkg:rpm/Lmod@8.2.7-1.el7?arch=x86_64&epoch=0&upstream=Lmod-8.2.7-1.el7.src.rpm,failed to get coordinates from purl: pkg:rpm/Lmod@8.2.7-1.el7?arch=x86_64&epoch=0&upstream=Lmod-8.2.7-1.el7.src.rpm
hpc@hpc-collab_sbom.json,pkg:rpm/Lmod@8.2.7-1.el7?arch=x86_64&epoch=0&upstream=Lmod-8.2.7-1.el7.src.rpm,failed to get coordinates from purl: pkg:rpm/Lmod@8.2.7-1.el7?arch=x86_64&epoch=0&upstream=Lmod-8.2.7-1.el7.src.rpm
hpc@hpc-collab_sbom.json,pkg:rpm/Lmod@8.2.7-1.el7?arch=x86_64&epoch=0&upstream=Lmod-8.2.7-1.el7.src.rpm,failed to get coordinates from purl: pkg:rpm/Lmod@8.2.7-1.el7?arch=x86_64&epoch=0&upstream=Lmod-8.2.7-1.el7.src.rpm
hpc@hpc-collab_sbom.json,pkg:rpm/Lmod@8.2.7-1.el7?arch=x86_64&epoch=0&upstream=Lmod-8.2.7-1.el7.src.rpm,failed to get coordinates from purl: pkg:rpm/Lmod@8.2.7-1.el7?arch=x86_64&epoch=0&upstream=Lmod-8.2.7-1.el7.src.rpm
hpc@hpc-collab_sbom.json,pkg:rpm/Lmod@8.2.7-1.el7?arch=x86_64&epoch=0&upstream=Lmod-8.2.7-1.el7.src.rpm,failed to get coordinates from purl: pkg:rpm/Lmod@8.2.7-1.el7?arch=x86_64&epoch=0&upstream=Lmod-8.2.7-1.el7.src.rpm
hpc@hpc-collab_sbom.json,pkg:rpm/Lmod@8.2.7-1.el7?arch=x86_64&epoch=0&upstream=Lmod-8.2.7-1.el7.src.rpm,failed to get coordinates from purl: pkg:rpm/Lmod@8.2.7-1.el7?arch=x86_64&epoch=0&upstream=Lmod-8.2.7-1.el7.src.rpm
hpc@hpc-collab_sbom.json,pkg:rpm/Lmod@8.2.7-1.el7?arch=x86_64&epoch=0&upstream=Lmod-8.2.7-1.el7.src.rpm,failed to get coordinates from purl: pkg:rpm/Lmod@8.2.7-1.el7?arch=x86_64&epoch=0&upstream=Lmod-8.2.7-1.el7.src.rpm
hpc@hpc-collab_sbom.json,pkg:rpm/Lmod@8.2.7-1.el7?arch=x86_64&epoch=0&upstream=Lmod-8.2.7-1.el7.src.rpm,failed to get coordinates from purl: pkg:rpm/Lmod@8.2.7-1.el7?arch=x86_64&epoch=0&upstream=Lmod-8.2.7-1.el7.src.rpm
hpc@hpc-collab_sbom.json,pkg:rpm/PyYAML@3.10-11.el7?arch=x86_64&epoch=0&upstream=PyYAML-3.10-11.el7.src.rpm,failed to get coordinates from purl: pkg:rpm/PyYAML@3.10-11.el7?arch=x86_64&epoch=0&upstream=PyYAML-3.10-11.el7.src.rpm
hpc@hpc-collab_sbom.json,pkg:rpm/PyYAML@3.10-11.el7?arch=x86_64&epoch=0&upstream=PyYAML-3.10-11.el7.src.rpm,failed to get coordinates from purl: pkg:rpm/PyYAML@3.10-11.el7?arch=x86_64&epoch=0&upstream=PyYAML-3.10-11.el7.src.rpm
hpc@hpc-collab_sbom.json,pkg:rpm/PyYAML@3.10-11.el7?arch=x86_64&epoch=0&upstream=PyYAML-3.10-11.el7.src.rpm,failed to get coordinates from purl: pkg:rpm/PyYAML@3.10-11.el7?arch=x86_64&epoch=0&upstream=PyYAML-3.10-11.el7.src.rpm
hpc@hpc-collab_sbom.json,pkg:rpm/ck@0.5.2-2.el7?arch=x86_64&epoch=0&upstream=ck-0.5.2-2.el7.src.rpm,failed to get coordinates from purl: pkg:rpm/ck@0.5.2-2.el7?arch=x86_64&epoch=0&upstream=ck-0.5.2-2.el7.src.rpm
hpc@hpc-collab_sbom.json,pkg:rpm/ck@0.5.2-2.el7?arch=x86_64&epoch=0&upstream=ck-0.5.2-2.el7.src.rpm,failed to get coordinates from purl: pkg:rpm/ck@0.5.2-2.el7?arch=x86_64&epoch=0&upstream=ck-0.5.2-2.el7.src.rpm
hpc@hpc-collab_sbom.json,pkg:rpm/ck@0.5.2-2.el7?arch=x86_64&epoch=0&upstream=ck-0.5.2-2.el7.src.rpm,failed to get coordinates from purl: pkg:rpm/ck@0.5.2-2.el7?arch=x86_64&epoch=0&upstream=ck-0.5.2-2.el7.src.rpm
hpc@hpc-collab_sbom.json,pkg:rpm/ck@0.5.2-2.el7?arch=x86_64&epoch=0&upstream=ck-0.5.2-2.el7.src.rpm,failed to get coordinates from purl: pkg:rpm/ck@0.5.2-2.el7?arch=x86_64&epoch=0&upstream=ck-0.5.2-2.el7.src.rpm
hpc@hpc-collab_sbom.json,pkg:rpm/ck@0.5.2-2.el7?arch=x86_64&epoch=0&upstream=ck-0.5.2-2.el7.src.rpm,failed to get coordinates from purl: pkg:rpm/ck@0.5.2-2.el7?arch=x86_64&epoch=0&upstream=ck-0.5.2-2.el7.src.rpm
hpc@hpc-collab_sbom.json,pkg:rpm/ck@0.5.2-2.el7?arch=x86_64&epoch=0&upstream=ck-0.5.2-2.el7.src.rpm,failed to get coordinates from purl: pkg:rpm/ck@0.5.2-2.el7?arch=x86_64&epoch=0&upstream=ck-0.5.2-2.el7.src.rpm
hpc@hpc-collab_sbom.json,pkg:rpm/ck@0.5.2-2.el7?arch=x86_64&epoch=0&upstream=ck-0.5.2-2.el7.src.rpm,failed to get coordinates from purl: pkg:rpm/ck@0.5.2-2.el7?arch=x86_64&epoch=0&upstream=ck-0.5.2-2.el7.src.rpm
hpc@hpc-collab_sbom.json,pkg:rpm/ck@0.5.2-2.el7?arch=x86_64&epoch=0&upstream=ck-0.5.2-2.el7.src.rpm,failed to get coordinates from purl: pkg:rpm/ck@0.5.2-2.el7?arch=x86_64&epoch=0&upstream=ck-0.5.2-2.el7.src.rpm
hpc@hpc-collab_sbom.json,pkg:rpm/ck@0.5.2-2.el7?arch=x86_64&epoch=0&upstream=ck-0.5.2-2.el7.src.rpm,failed to get coordinates from purl: pkg:rpm/ck@0.5.2-2.el7?arch=x86_64&epoch=0&upstream=ck-0.5.2-2.el7.src.rpm
hpc@hpc-collab_sbom.json,pkg:rpm/ck@0.5.2-2.el7?arch=x86_64&epoch=0&upstream=ck-0.5.2-2.el7.src.rpm,failed to get coordinates from purl: pkg:rpm/ck@0.5.2-2.el7?arch=x86_64&epoch=0&upstream=ck-0.5.2-2.el7.src.rpm
hpc@hpc-collab_sbom.json,pkg:rpm/ck@0.5.2-2.el7?arch=x86_64&epoch=0&upstream=ck-0.5.2-2.el7.src.rpm,failed to get coordinates from purl: pkg:rpm/ck@0.5.2-2.el7?arch=x86_64&epoch=0&upstream=ck-0.5.2-2.el7.src.rpm
hpc@hpc-collab_sbom.json,pkg:rpm/ck@0.5.2-2.el7?arch=x86_64&epoch=0&upstream=ck-0.5.2-2.el7.src.rpm,failed to get coordinates from purl: pkg:rpm/ck@0.5.2-2.el7?arch=x86_64&epoch=0&upstream=ck-0.5.2-2.el7.src.rpm
hpc@hpc-collab_sbom.json,pkg:rpm/ck@0.5.2-2.el7?arch=x86_64&epoch=0&upstream=ck-0.5.2-2.el7.src.rpm,failed to get coordinates from purl: pkg:rpm/ck@0.5.2-2.el7?arch=x86_64&epoch=0&upstream=ck-0.5.2-2.el7.src.rpm
hpc@hpc-collab_sbom.json,pkg:rpm/ck@0.5.2-2.el7?arch=x86_64&epoch=0&upstream=ck-0.5.2-2.el7.src.rpm,failed to get coordinates from purl: pkg:rpm/ck@0.5.2-2.el7?arch=x86_64&epoch=0&upstream=ck-0.5.2-2.el7.src.rpm
hpc@hpc-collab_sbom.json,pkg:rpm/ck@0.5.2-2.el7?arch=x86_64&epoch=0&upstream=ck-0.5.2-2.el7.src.rpm,failed to get coordinates from purl: pkg:rpm/ck@0.5.2-2.el7?arch=x86_64&epoch=0&upstream=ck-0.5.2-2.el7.src.rpm
hpc@hpc-collab_sbom.json,pkg:rpm/clustershell@1.8.3-1.el7?arch=noarch&epoch=0&upstream=clustershell-1.8.3-1.el7.src.rpm,failed to get coordinates from purl: pkg:rpm/clustershell@1.8.3-1.el7?arch=noarch&epoch=0&upstream=clustershell-1.8.3-1.el7.src.rpm
hpc@hpc-collab_sbom.json,pkg:rpm/clustershell@1.8.3-1.el7?arch=noarch&epoch=0&upstream=clustershell-1.8.3-1.el7.src.rpm,failed to get coordinates from purl: pkg:rpm/clustershell@1.8.3-1.el7?arch=noarch&epoch=0&upstream=clustershell-1.8.3-1.el7.src.rpm
hpc@hpc-collab_sbom.json,pkg:rpm/clustershell@1.8.3-1.el7?arch=noarch&epoch=0&upstream=clustershell-1.8.3-1.el7.src.rpm,failed to get coordinates from purl: pkg:rpm/clustershell@1.8.3-1.el7?arch=noarch&epoch=0&upstream=clustershell-1.8.3-1.el7.src.rpm
hpc@hpc-collab_sbom.json,pkg:rpm/clustershell@1.8.3-1.el7?arch=noarch&epoch=0&upstream=clustershell-1.8.3-1.el7.src.rpm,failed to get coordinates from purl: pkg:rpm/clustershell@1.8.3-1.el7?arch=noarch&epoch=0&upstream=clustershell-1.8.3-1.el7.src.rpm
hpc@hpc-collab_sbom.json,pkg:rpm/clustershell@1.8.3-1.el7?arch=noarch&epoch=0&upstream=clustershell-1.8.3-1.el7.src.rpm,failed to get coordinates from purl: pkg:rpm/clustershell@1.8.3-1.el7?arch=noarch&epoch=0&upstream=clustershell-1.8.3-1.el7.src.rpm
hpc@hpc-collab_sbom.json,pkg:rpm/collectd@5.8.1-1.el7?arch=x86_64&epoch=0&upstream=collectd-5.8.1-1.el7.src.rpm,failed to get coordinates from purl: pkg:rpm/collectd@5.8.1-1.el7?arch=x86_64&epoch=0&upstream=collectd-5.8.1-1.el7.src.rpm
hpc@hpc-collab_sbom.json,pkg:rpm/collectd@5.8.1-1.el7?arch=x86_64&epoch=0&upstream=collectd-5.8.1-1.el7.src.rpm,failed to get coordinates from purl: pkg:rpm/collectd@5.8.1-1.el7?arch=x86_64&epoch=0&upstream=collectd-5.8.1-1.el7.src.rpm
hpc@hpc-collab_sbom.json,pkg:rpm/collectd@5.8.1-1.el7?arch=x86_64&epoch=0&upstream=collectd-5.8.1-1.el7.src.rpm,failed to get coordinates from purl: pkg:rpm/collectd@5.8.1-1.el7?arch=x86_64&epoch=0&upstream=collectd-5.8.1-1.el7.src.rpm
hpc@hpc-collab_sbom.json,pkg:rpm/collectd@5.8.1-1.el7?arch=x86_64&epoch=0&upstream=collectd-5.8.1-1.el7.src.rpm,failed to get coordinates from purl: pkg:rpm/collectd@5.8.1-1.el7?arch=x86_64&epoch=0&upstream=collectd-5.8.1-1.el7.src.rpm
hpc@hpc-collab_sbom.json,pkg:rpm/collectd-write_tsdb@5.8.1-1.el7?arch=x86_64&epoch=0&upstream=collectd-5.8.1-1.el7.src.rpm,failed to get coordinates from purl: pkg:rpm/collectd-write_tsdb@5.8.1-1.el7?arch=x86_64&epoch=0&upstream=collectd-5.8.1-1.el7.src.rpm
hpc@hpc-collab_sbom.json,pkg:rpm/collectd-write_tsdb@5.8.1-1.el7?arch=x86_64&epoch=0&upstream=collectd-5.8.1-1.el7.src.rpm,failed to get coordinates from purl: pkg:rpm/collectd-write_tsdb@5.8.1-1.el7?arch=x86_64&epoch=0&upstream=collectd-5.8.1-1.el7.src.rpm
hpc@hpc-collab_sbom.json,pkg:rpm/collectd-write_tsdb@5.8.1-1.el7?arch=x86_64&epoch=0&upstream=collectd-5.8.1-1.el7.src.rpm,failed to get coordinates from purl: pkg:rpm/collectd-write_tsdb@5.8.1-1.el7?arch=x86_64&epoch=0&upstream=collectd-5.8.1-1.el7.src.rpm
hpc@hpc-collab_sbom.json,pkg:rpm/collectd-write_tsdb@5.8.1-1.el7?arch=x86_64&epoch=0&upstream=collectd-5.8.1-1.el7.src.rpm,failed to get coordinates from purl: pkg:rpm/collectd-write_tsdb@5.8.1-1.el7?arch=x86_64&epoch=0&upstream=collectd-5.8.1-1.el7.src.rpm
hpc@hpc-collab_sbom.json,pkg:rpm/dkms@2.8.1-4.20200214git5ca628c.el7?arch=noarch&epoch=0&upstream=dkms-2.8.1-4.20200214git5ca628c.el7.src.rpm,failed to get coordinates from purl: pkg:rpm/dkms@2.8.1-4.20200214git5ca628c.el7?arch=noarch&epoch=0&upstream=dkms-2.8.1-4.20200214git5ca628c.el7.src.rpm
hpc@hpc-collab_sbom.json,pkg:rpm/ed@1.9-4.el7?arch=x86_64&epoch=0&upstream=ed-1.9-4.el7.src.rpm,failed to get coordinates from purl: pkg:rpm/ed@1.9-4.el7?arch=x86_64&epoch=0&upstream=ed-1.9-4.el7.src.rpm
hpc@hpc-collab_sbom.json,pkg:rpm/glib@1.2.10-41.el7?arch=x86_64&epoch=1&upstream=glib-1.2.10-41.el7.src.rpm,failed to get coordinates from purl: pkg:rpm/glib@1.2.10-41.el7?arch=x86_64&epoch=1&upstream=glib-1.2.10-41.el7.src.rpm
hpc@hpc-collab_sbom.json,pkg:rpm/glib-devel@1.2.10-41.el7?arch=x86_64&epoch=1&upstream=glib-1.2.10-41.el7.src.rpm,failed to get coordinates from purl: pkg:rpm/glib-devel@1.2.10-41.el7?arch=x86_64&epoch=1&upstream=glib-1.2.10-41.el7.src.rpm
hpc@hpc-collab_sbom.json,pkg:rpm/inotify-tools@3.14-9.el7?arch=x86_64&epoch=0&upstream=inotify-tools-3.14-9.el7.src.rpm,failed to get coordinates from purl: pkg:rpm/inotify-tools@3.14-9.el7?arch=x86_64&epoch=0&upstream=inotify-tools-3.14-9.el7.src.rpm
hpc@hpc-collab_sbom.json,pkg:rpm/inotify-tools@3.14-9.el7?arch=x86_64&epoch=0&upstream=inotify-tools-3.14-9.el7.src.rpm,failed to get coordinates from purl: pkg:rpm/inotify-tools@3.14-9.el7?arch=x86_64&epoch=0&upstream=inotify-tools-3.14-9.el7.src.rpm
hpc@hpc-collab_sbom.json,pkg:rpm/keyutils@1.5.8-3.el7?arch=x86_64&epoch=0&upstream=keyutils-1.5.8-3.el7.src.rpm,failed to get coordinates from purl: pkg:rpm/keyutils@1.5.8-3.el7?arch=x86_64&epoch=0&upstream=keyutils-1.5.8-3.el7.src.rpm
hpc@hpc-collab_sbom.json,pkg:rpm/libaec@1.0.4-1.el7?arch=x86_64&epoch=0&upstream=libaec-1.0.4-1.el7.src.rpm,failed to get coordinates from purl: pkg:rpm/libaec@1.0.4-1.el7?arch=x86_64&epoch=0&upstream=libaec-1.0.4-1.el7.src.rpm
hpc@hpc-collab_sbom.json,pkg:rpm/libaec@1.0.4-1.el7?arch=x86_64&epoch=0&upstream=libaec-1.0.4-1.el7.src.rpm,failed to get coordinates from purl: pkg:rpm/libaec@1.0.4-1.el7?arch=x86_64&epoch=0&upstream=libaec-1.0.4-1.el7.src.rpm
hpc@hpc-collab_sbom.json,pkg:rpm/libaec@1.0.4-1.el7?arch=x86_64&epoch=0&upstream=libaec-1.0.4-1.el7.src.rpm,failed to get coordinates from purl: pkg:rpm/libaec@1.0.4-1.el7?arch=x86_64&epoch=0&upstream=libaec-1.0.4-1.el7.src.rpm
hpc@hpc-collab_sbom.json,pkg:rpm/libaec@1.0.4-1.el7?arch=x86_64&epoch=0&upstream=libaec-1.0.4-1.el7.src.rpm,failed to get coordinates from purl: pkg:rpm/libaec@1.0.4-1.el7?arch=x86_64&epoch=0&upstream=libaec-1.0.4-1.el7.src.rpm
hpc@hpc-collab_sbom.json,pkg:rpm/libaec@1.0.4-1.el7?arch=x86_64&epoch=0&upstream=libaec-1.0.4-1.el7.src.rpm,failed to get coordinates from purl: pkg:rpm/libaec@1.0.4-1.el7?arch=x86_64&epoch=0&upstream=libaec-1.0.4-1.el7.src.rpm
hpc@hpc-collab_sbom.json,pkg:rpm/libaec@1.0.4-1.el7?arch=x86_64&epoch=0&upstream=libaec-1.0.4-1.el7.src.rpm,failed to get coordinates from purl: pkg:rpm/libaec@1.0.4-1.el7?arch=x86_64&epoch=0&upstream=libaec-1.0.4-1.el7.src.rpm
hpc@hpc-collab_sbom.json,pkg:rpm/libaec@1.0.4-1.el7?arch=x86_64&epoch=0&upstream=libaec-1.0.4-1.el7.src.rpm,failed to get coordinates from purl: pkg:rpm/libaec@1.0.4-1.el7?arch=x86_64&epoch=0&upstream=libaec-1.0.4-1.el7.src.rpm
hpc@hpc-collab_sbom.json,pkg:rpm/libaec@1.0.4-1.el7?arch=x86_64&epoch=0&upstream=libaec-1.0.4-1.el7.src.rpm,failed to get coordinates from purl: pkg:rpm/libaec@1.0.4-1.el7?arch=x86_64&epoch=0&upstream=libaec-1.0.4-1.el7.src.rpm
hpc@hpc-collab_sbom.json,pkg:rpm/libaec@1.0.4-1.el7?arch=x86_64&epoch=0&upstream=libaec-1.0.4-1.el7.src.rpm,failed to get coordinates from purl: pkg:rpm/libaec@1.0.4-1.el7?arch=x86_64&epoch=0&upstream=libaec-1.0.4-1.el7.src.rpm
hpc@hpc-collab_sbom.json,pkg:rpm/libaec@1.0.4-1.el7?arch=x86_64&epoch=0&upstream=libaec-1.0.4-1.el7.src.rpm,failed to get coordinates from purl: pkg:rpm/libaec@1.0.4-1.el7?arch=x86_64&epoch=0&upstream=libaec-1.0.4-1.el7.src.rpm
hpc@hpc-collab_sbom.json,pkg:rpm/libaec@1.0.4-1.el7?arch=x86_64&epoch=0&upstream=libaec-1.0.4-1.el7.src.rpm,failed to get coordinates from purl: pkg:rpm/libaec@1.0.4-1.el7?arch=x86_64&epoch=0&upstream=libaec-1.0.4-1.el7.src.rpm
hpc@hpc-collab_sbom.json,pkg:rpm/libaec@1.0.4-1.el7?arch=x86_64&epoch=0&upstream=libaec-1.0.4-1.el7.src.rpm,failed to get coordinates from purl: pkg:rpm/libaec@1.0.4-1.el7?arch=x86_64&epoch=0&upstream=libaec-1.0.4-1.el7.src.rpm
hpc@hpc-collab_sbom.json,pkg:rpm/libaec-devel@1.0.4-1.el7?arch=x86_64&epoch=0&upstream=libaec-1.0.4-1.el7.src.rpm,failed to get coordinates from purl: pkg:rpm/libaec-devel@1.0.4-1.el7?arch=x86_64&epoch=0&upstream=libaec-1.0.4-1.el7.src.rpm
hpc@hpc-collab_sbom.json,pkg:rpm/libaec-devel@1.0.4-1.el7?arch=x86_64&epoch=0&upstream=libaec-1.0.4-1.el7.src.rpm,failed to get coordinates from purl: pkg:rpm/libaec-devel@1.0.4-1.el7?arch=x86_64&epoch=0&upstream=libaec-1.0.4-1.el7.src.rpm
hpc@hpc-collab_sbom.json,pkg:rpm/libaec-devel@1.0.4-1.el7?arch=x86_64&epoch=0&upstream=libaec-1.0.4-1.el7.src.rpm,failed to get coordinates from purl: pkg:rpm/libaec-devel@1.0.4-1.el7?arch=x86_64&epoch=0&upstream=libaec-1.0.4-1.el7.src.rpm
hpc@hpc-collab_sbom.json,pkg:rpm/libaec-devel@1.0.4-1.el7?arch=x86_64&epoch=0&upstream=libaec-1.0.4-1.el7.src.rpm,failed to get coordinates from purl: pkg:rpm/libaec-devel@1.0.4-1.el7?arch=x86_64&epoch=0&upstream=libaec-1.0.4-1.el7.src.rpm
hpc@hpc-collab_sbom.json,pkg:rpm/libaec-devel@1.0.4-1.el7?arch=x86_64&epoch=0&upstream=libaec-1.0.4-1.el7.src.rpm,failed to get coordinates from purl: pkg:rpm/libaec-devel@1.0.4-1.el7?arch=x86_64&epoch=0&upstream=libaec-1.0.4-1.el7.src.rpm
hpc@hpc-collab_sbom.json,pkg:rpm/libaec-devel@1.0.4-1.el7?arch=x86_64&epoch=0&upstream=libaec-1.0.4-1.el7.src.rpm,failed to get coordinates from purl: pkg:rpm/libaec-devel@1.0.4-1.el7?arch=x86_64&epoch=0&upstream=libaec-1.0.4-1.el7.src.rpm
hpc@hpc-collab_sbom.json,pkg:rpm/libaec-devel@1.0.4-1.el7?arch=x86_64&epoch=0&upstream=libaec-1.0.4-1.el7.src.rpm,failed to get coordinates from purl: pkg:rpm/libaec-devel@1.0.4-1.el7?arch=x86_64&epoch=0&upstream=libaec-1.0.4-1.el7.src.rpm
hpc@hpc-collab_sbom.json,pkg:rpm/libaec-devel@1.0.4-1.el7?arch=x86_64&epoch=0&upstream=libaec-1.0.4-1.el7.src.rpm,failed to get coordinates from purl: pkg:rpm/libaec-devel@1.0.4-1.el7?arch=x86_64&epoch=0&upstream=libaec-1.0.4-1.el7.src.rpm
hpc@hpc-collab_sbom.json,pkg:rpm/libaec-devel@1.0.4-1.el7?arch=x86_64&epoch=0&upstream=libaec-1.0.4-1.el7.src.rpm,failed to get coordinates from purl: pkg:rpm/libaec-devel@1.0.4-1.el7?arch=x86_64&epoch=0&upstream=libaec-1.0.4-1.el7.src.rpm
hpc@hpc-collab_sbom.json,pkg:rpm/libaec-devel@1.0.4-1.el7?arch=x86_64&epoch=0&upstream=libaec-1.0.4-1.el7.src.rpm,failed to get coordinates from purl: pkg:rpm/libaec-devel@1.0.4-1.el7?arch=x86_64&epoch=0&upstream=libaec-1.0.4-1.el7.src.rpm
hpc@hpc-collab_sbom.json,pkg:rpm/libaec-devel@1.0.4-1.el7?arch=x86_64&epoch=0&upstream=libaec-1.0.4-1.el7.src.rpm,failed to get coordinates from purl: pkg:rpm/libaec-devel@1.0.4-1.el7?arch=x86_64&epoch=0&upstream=libaec-1.0.4-1.el7.src.rpm
hpc@hpc-collab_sbom.json,pkg:rpm/libaec-devel@1.0.4-1.el7?arch=x86_64&epoch=0&upstream=libaec-1.0.4-1.el7.src.rpm,failed to get coordinates from purl: pkg:rpm/libaec-devel@1.0.4-1.el7?arch=x86_64&epoch=0&upstream=libaec-1.0.4-1.el7.src.rpm
hpc@hpc-collab_sbom.json,pkg:rpm/libbasicobjects@0.1.1-32.el7?arch=x86_64&epoch=0&upstream=ding-libs-0.6.1-32.el7.src.rpm,failed to get coordinates from purl: pkg:rpm/libbasicobjects@0.1.1-32.el7?arch=x86_64&epoch=0&upstream=ding-libs-0.6.1-32.el7.src.rpm
hpc@hpc-collab_sbom.json,pkg:rpm/libbsd@0.8.3-1.el7?arch=x86_64&epoch=0&upstream=libbsd-0.8.3-1.el7.src.rpm,failed to get coordinates from purl: pkg:rpm/libbsd@0.8.3-1.el7?arch=x86_64&epoch=0&upstream=libbsd-0.8.3-1.el7.src.rpm
hpc@hpc-collab_sbom.json,pkg:rpm/libbsd-devel@0.8.3-1.el7?arch=x86_64&epoch=0&upstream=libbsd-0.8.3-1.el7.src.rpm,failed to get coordinates from purl: pkg:rpm/libbsd-devel@0.8.3-1.el7?arch=x86_64&epoch=0&upstream=libbsd-0.8.3-1.el7.src.rpm
hpc@hpc-collab_sbom.json,pkg:rpm/libcgroup@0.41-21.el7?arch=x86_64&epoch=0&upstream=libcgroup-0.41-21.el7.src.rpm,failed to get coordinates from purl: pkg:rpm/libcgroup@0.41-21.el7?arch=x86_64&epoch=0&upstream=libcgroup-0.41-21.el7.src.rpm
hpc@hpc-collab_sbom.json,pkg:rpm/libcollection@0.7.0-32.el7?arch=x86_64&epoch=0&upstream=ding-libs-0.6.1-32.el7.src.rpm,failed to get coordinates from purl: pkg:rpm/libcollection@0.7.0-32.el7?arch=x86_64&epoch=0&upstream=ding-libs-0.6.1-32.el7.src.rpm
hpc@hpc-collab_sbom.json,pkg:rpm/libev@4.15-7.el7?arch=x86_64&epoch=0&upstream=libev-4.15-7.el7.src.rpm,failed to get coordinates from purl: pkg:rpm/libev@4.15-7.el7?arch=x86_64&epoch=0&upstream=libev-4.15-7.el7.src.rpm
hpc@hpc-collab_sbom.json,pkg:rpm/libevent@2.0.21-4.el7?arch=x86_64&epoch=0&upstream=libevent-2.0.21-4.el7.src.rpm,failed to get coordinates from purl: pkg:rpm/libevent@2.0.21-4.el7?arch=x86_64&epoch=0&upstream=libevent-2.0.21-4.el7.src.rpm
hpc@hpc-collab_sbom.json,pkg:rpm/libini_config@1.3.1-32.el7?arch=x86_64&epoch=0&upstream=ding-libs-0.6.1-32.el7.src.rpm,failed to get coordinates from purl: pkg:rpm/libini_config@1.3.1-32.el7?arch=x86_64&epoch=0&upstream=ding-libs-0.6.1-32.el7.src.rpm
hpc@hpc-collab_sbom.json,pkg:rpm/libnfsidmap@0.25-19.el7?arch=x86_64&epoch=0&upstream=libnfsidmap-0.25-19.el7.src.rpm,failed to get coordinates from purl: pkg:rpm/libnfsidmap@0.25-19.el7?arch=x86_64&epoch=0&upstream=libnfsidmap-0.25-19.el7.src.rpm
hpc@hpc-collab_sbom.json,pkg:rpm/libnodeupdown@1.14-9.el7?arch=x86_64&epoch=0&upstream=whatsup-1.14-9.el7.src.rpm,failed to get coordinates from purl: pkg:rpm/libnodeupdown@1.14-9.el7?arch=x86_64&epoch=0&upstream=whatsup-1.14-9.el7.src.rpm
hpc@hpc-collab_sbom.json,pkg:rpm/libnodeupdown@1.14-9.el7?arch=x86_64&epoch=0&upstream=whatsup-1.14-9.el7.src.rpm,failed to get coordinates from purl: pkg:rpm/libnodeupdown@1.14-9.el7?arch=x86_64&epoch=0&upstream=whatsup-1.14-9.el7.src.rpm
hpc@hpc-collab_sbom.json,pkg:rpm/libnodeupdown@1.14-9.el7?arch=x86_64&epoch=0&upstream=whatsup-1.14-9.el7.src.rpm,failed to get coordinates from purl: pkg:rpm/libnodeupdown@1.14-9.el7?arch=x86_64&epoch=0&upstream=whatsup-1.14-9.el7.src.rpm
hpc@hpc-collab_sbom.json,pkg:rpm/libnodeupdown@1.14-9.el7?arch=x86_64&epoch=0&upstream=whatsup-1.14-9.el7.src.rpm,failed to get coordinates from purl: pkg:rpm/libnodeupdown@1.14-9.el7?arch=x86_64&epoch=0&upstream=whatsup-1.14-9.el7.src.rpm
hpc@hpc-collab_sbom.json,pkg:rpm/libnodeupdown@1.14-9.el7?arch=x86_64&epoch=0&upstream=whatsup-1.14-9.el7.src.rpm,failed to get coordinates from purl: pkg:rpm/libnodeupdown@1.14-9.el7?arch=x86_64&epoch=0&upstream=whatsup-1.14-9.el7.src.rpm
hpc@hpc-collab_sbom.json,pkg:rpm/libnodeupdown@1.14-9.el7?arch=x86_64&epoch=0&upstream=whatsup-1.14-9.el7.src.rpm,failed to get coordinates from purl: pkg:rpm/libnodeupdown@1.14-9.el7?arch=x86_64&epoch=0&upstream=whatsup-1.14-9.el7.src.rpm
hpc@hpc-collab_sbom.json,pkg:rpm/libnodeupdown@1.14-9.el7?arch=x86_64&epoch=0&upstream=whatsup-1.14-9.el7.src.rpm,failed to get coordinates from purl: pkg:rpm/libnodeupdown@1.14-9.el7?arch=x86_64&epoch=0&upstream=whatsup-1.14-9.el7.src.rpm
hpc@hpc-collab_sbom.json,pkg:rpm/libnodeupdown-clusterlist-hostsfile@1.14-9.el7?arch=x86_64&epoch=0&upstream=whatsup-1.14-9.el7.src.rpm,failed to get coordinates from purl: pkg:rpm/libnodeupdown-clusterlist-hostsfile@1.14-9.el7?arch=x86_64&epoch=0&upstream=whatsup-1.14-9.el7.src.rpm
hpc@hpc-collab_sbom.json,pkg:rpm/libnodeupdown-clusterlist-hostsfile@1.14-9.el7?arch=x86_64&epoch=0&upstream=whatsup-1.14-9.el7.src.rpm,failed to get coordinates from purl: pkg:rpm/libnodeupdown-clusterlist-hostsfile@1.14-9.el7?arch=x86_64&epoch=0&upstream=whatsup-1.14-9.el7.src.rpm
hpc@hpc-collab_sbom.json,pkg:rpm/libnodeupdown-clusterlist-hostsfile@1.14-9.el7?arch=x86_64&epoch=0&upstream=whatsup-1.14-9.el7.src.rpm,failed to get coordinates from purl: pkg:rpm/libnodeupdown-clusterlist-hostsfile@1.14-9.el7?arch=x86_64&epoch=0&upstream=whatsup-1.14-9.el7.src.rpm
hpc@hpc-collab_sbom.json,pkg:rpm/libnodeupdown-clusterlist-hostsfile@1.14-9.el7?arch=x86_64&epoch=0&upstream=whatsup-1.14-9.el7.src.rpm,failed to get coordinates from purl: pkg:rpm/libnodeupdown-clusterlist-hostsfile@1.14-9.el7?arch=x86_64&epoch=0&upstream=whatsup-1.14-9.el7.src.rpm
hpc@hpc-collab_sbom.json,pkg:rpm/libnodeupdown-clusterlist-hostsfile@1.14-9.el7?arch=x86_64&epoch=0&upstream=whatsup-1.14-9.el7.src.rpm,failed to get coordinates from purl: pkg:rpm/libnodeupdown-clusterlist-hostsfile@1.14-9.el7?arch=x86_64&epoch=0&upstream=whatsup-1.14-9.el7.src.rpm
hpc@hpc-collab_sbom.json,pkg:rpm/libnodeupdown-clusterlist-hostsfile@1.14-9.el7?arch=x86_64&epoch=0&upstream=whatsup-1.14-9.el7.src.rpm,failed to get coordinates from purl: pkg:rpm/libnodeupdown-clusterlist-hostsfile@1.14-9.el7?arch=x86_64&epoch=0&upstream=whatsup-1.14-9.el7.src.rpm
hpc@hpc-collab_sbom.json,pkg:rpm/libnodeupdown-clusterlist-hostsfile@1.14-9.el7?arch=x86_64&epoch=0&upstream=whatsup-1.14-9.el7.src.rpm,failed to get coordinates from purl: pkg:rpm/libnodeupdown-clusterlist-hostsfile@1.14-9.el7?arch=x86_64&epoch=0&upstream=whatsup-1.14-9.el7.src.rpm
hpc@hpc-collab_sbom.json,pkg:rpm/libpath_utils@0.2.1-32.el7?arch=x86_64&epoch=0&upstream=ding-libs-0.6.1-32.el7.src.rpm,failed to get coordinates from purl: pkg:rpm/libpath_utils@0.2.1-32.el7?arch=x86_64&epoch=0&upstream=ding-libs-0.6.1-32.el7.src.rpm
hpc@hpc-collab_sbom.json,pkg:rpm/libpcap@1.5.3-12.el7?arch=x86_64&epoch=14&upstream=libpcap-1.5.3-12.el7.src.rpm,failed to get coordinates from purl: pkg:rpm/libpcap@1.5.3-12.el7?arch=x86_64&epoch=14&upstream=libpcap-1.5.3-12.el7.src.rpm
hpc@hpc-collab_sbom.json,pkg:rpm/libref_array@0.1.5-32.el7?arch=x86_64&epoch=0&upstream=ding-libs-0.6.1-32.el7.src.rpm,failed to get coordinates from purl: pkg:rpm/libref_array@0.1.5-32.el7?arch=x86_64&epoch=0&upstream=ding-libs-0.6.1-32.el7.src.rpm
hpc@hpc-collab_sbom.json,pkg:rpm/libtirpc@0.2.4-0.16.el7?arch=x86_64&epoch=0&upstream=libtirpc-0.2.4-0.16.el7.src.rpm,failed to get coordinates from purl: pkg:rpm/libtirpc@0.2.4-0.16.el7?arch=x86_64&epoch=0&upstream=libtirpc-0.2.4-0.16.el7.src.rpm
hpc@hpc-collab_sbom.json,pkg:rpm/libverto@0.2.5-4.el7?arch=x86_64&epoch=0&upstream=libverto-0.2.5-4.el7.src.rpm,failed to get coordinates from purl: pkg:rpm/libverto@0.2.5-4.el7?arch=x86_64&epoch=0&upstream=libverto-0.2.5-4.el7.src.rpm
hpc@hpc-collab_sbom.json,pkg:rpm/libverto-libevent@0.2.5-4.el7?arch=x86_64&epoch=0&upstream=libverto-0.2.5-4.el7.src.rpm,failed to get coordinates from purl: pkg:rpm/libverto-libevent@0.2.5-4.el7?arch=x86_64&epoch=0&upstream=libverto-0.2.5-4.el7.src.rpm
hpc@hpc-collab_sbom.json,pkg:rpm/libyaml@0.1.4-11.el7_0?arch=x86_64&epoch=0&upstream=libyaml-0.1.4-11.el7_0.src.rpm,failed to get coordinates from purl: pkg:rpm/libyaml@0.1.4-11.el7_0?arch=x86_64&epoch=0&upstream=libyaml-0.1.4-11.el7_0.src.rpm
hpc@hpc-collab_sbom.json,pkg:rpm/libyaml@0.1.4-11.el7_0?arch=x86_64&epoch=0&upstream=libyaml-0.1.4-11.el7_0.src.rpm,failed to get coordinates from purl: pkg:rpm/libyaml@0.1.4-11.el7_0?arch=x86_64&epoch=0&upstream=libyaml-0.1.4-11.el7_0.src.rpm
hpc@hpc-collab_sbom.json,pkg:rpm/lua-bitop@1.0.2-3.el7?arch=x86_64&epoch=0&upstream=lua-bitop-1.0.2-3.el7.src.rpm,failed to get coordinates from purl: pkg:rpm/lua-bitop@1.0.2-3.el7?arch=x86_64&epoch=0&upstream=lua-bitop-1.0.2-3.el7.src.rpm
hpc@hpc-collab_sbom.json,pkg:rpm/lua-bitop@1.0.2-3.el7?arch=x86_64&epoch=0&upstream=lua-bitop-1.0.2-3.el7.src.rpm,failed to get coordinates from purl: pkg:rpm/lua-bitop@1.0.2-3.el7?arch=x86_64&epoch=0&upstream=lua-bitop-1.0.2-3.el7.src.rpm
hpc@hpc-collab_sbom.json,pkg:rpm/lua-bitop@1.0.2-3.el7?arch=x86_64&epoch=0&upstream=lua-bitop-1.0.2-3.el7.src.rpm,failed to get coordinates from purl: pkg:rpm/lua-bitop@1.0.2-3.el7?arch=x86_64&epoch=0&upstream=lua-bitop-1.0.2-3.el7.src.rpm
hpc@hpc-collab_sbom.json,pkg:rpm/lua-bitop@1.0.2-3.el7?arch=x86_64&epoch=0&upstream=lua-bitop-1.0.2-3.el7.src.rpm,failed to get coordinates from purl: pkg:rpm/lua-bitop@1.0.2-3.el7?arch=x86_64&epoch=0&upstream=lua-bitop-1.0.2-3.el7.src.rpm
hpc@hpc-collab_sbom.json,pkg:rpm/lua-bitop@1.0.2-3.el7?arch=x86_64&epoch=0&upstream=lua-bitop-1.0.2-3.el7.src.rpm,failed to get coordinates from purl: pkg:rpm/lua-bitop@1.0.2-3.el7?arch=x86_64&epoch=0&upstream=lua-bitop-1.0.2-3.el7.src.rpm
hpc@hpc-collab_sbom.json,pkg:rpm/lua-bitop@1.0.2-3.el7?arch=x86_64&epoch=0&upstream=lua-bitop-1.0.2-3.el7.src.rpm,failed to get coordinates from purl: pkg:rpm/lua-bitop@1.0.2-3.el7?arch=x86_64&epoch=0&upstream=lua-bitop-1.0.2-3.el7.src.rpm
hpc@hpc-collab_sbom.json,pkg:rpm/lua-bitop@1.0.2-3.el7?arch=x86_64&epoch=0&upstream=lua-bitop-1.0.2-3.el7.src.rpm,failed to get coordinates from purl: pkg:rpm/lua-bitop@1.0.2-3.el7?arch=x86_64&epoch=0&upstream=lua-bitop-1.0.2-3.el7.src.rpm
hpc@hpc-collab_sbom.json,pkg:rpm/lua-bitop@1.0.2-3.el7?arch=x86_64&epoch=0&upstream=lua-bitop-1.0.2-3.el7.src.rpm,failed to get coordinates from purl: pkg:rpm/lua-bitop@1.0.2-3.el7?arch=x86_64&epoch=0&upstream=lua-bitop-1.0.2-3.el7.src.rpm
hpc@hpc-collab_sbom.json,pkg:rpm/lua-bitop@1.0.2-3.el7?arch=x86_64&epoch=0&upstream=lua-bitop-1.0.2-3.el7.src.rpm,failed to get coordinates from purl: pkg:rpm/lua-bitop@1.0.2-3.el7?arch=x86_64&epoch=0&upstream=lua-bitop-1.0.2-3.el7.src.rpm
hpc@hpc-collab_sbom.json,pkg:rpm/lua-filesystem@1.6.2-2.el7?arch=x86_64&epoch=0&upstream=lua-filesystem-1.6.2-2.el7.src.rpm,failed to get coordinates from purl: pkg:rpm/lua-filesystem@1.6.2-2.el7?arch=x86_64&epoch=0&upstream=lua-filesystem-1.6.2-2.el7.src.rpm
hpc@hpc-collab_sbom.json,pkg:rpm/lua-filesystem@1.6.2-2.el7?arch=x86_64&epoch=0&upstream=lua-filesystem-1.6.2-2.el7.src.rpm,failed to get coordinates from purl: pkg:rpm/lua-filesystem@1.6.2-2.el7?arch=x86_64&epoch=0&upstream=lua-filesystem-1.6.2-2.el7.src.rpm
hpc@hpc-collab_sbom.json,pkg:rpm/lua-filesystem@1.6.2-2.el7?arch=x86_64&epoch=0&upstream=lua-filesystem-1.6.2-2.el7.src.rpm,failed to get coordinates from purl: pkg:rpm/lua-filesystem@1.6.2-2.el7?arch=x86_64&epoch=0&upstream=lua-filesystem-1.6.2-2.el7.src.rpm
hpc@hpc-collab_sbom.json,pkg:rpm/lua-filesystem@1.6.2-2.el7?arch=x86_64&epoch=0&upstream=lua-filesystem-1.6.2-2.el7.src.rpm,failed to get coordinates from purl: pkg:rpm/lua-filesystem@1.6.2-2.el7?arch=x86_64&epoch=0&upstream=lua-filesystem-1.6.2-2.el7.src.rpm
hpc@hpc-collab_sbom.json,pkg:rpm/lua-filesystem@1.6.2-2.el7?arch=x86_64&epoch=0&upstream=lua-filesystem-1.6.2-2.el7.src.rpm,failed to get coordinates from purl: pkg:rpm/lua-filesystem@1.6.2-2.el7?arch=x86_64&epoch=0&upstream=lua-filesystem-1.6.2-2.el7.src.rpm
hpc@hpc-collab_sbom.json,pkg:rpm/lua-filesystem@1.6.2-2.el7?arch=x86_64&epoch=0&upstream=lua-filesystem-1.6.2-2.el7.src.rpm,failed to get coordinates from purl: pkg:rpm/lua-filesystem@1.6.2-2.el7?arch=x86_64&epoch=0&upstream=lua-filesystem-1.6.2-2.el7.src.rpm
hpc@hpc-collab_sbom.json,pkg:rpm/lua-filesystem@1.6.2-2.el7?arch=x86_64&epoch=0&upstream=lua-filesystem-1.6.2-2.el7.src.rpm,failed to get coordinates from purl: pkg:rpm/lua-filesystem@1.6.2-2.el7?arch=x86_64&epoch=0&upstream=lua-filesystem-1.6.2-2.el7.src.rpm
hpc@hpc-collab_sbom.json,pkg:rpm/lua-filesystem@1.6.2-2.el7?arch=x86_64&epoch=0&upstream=lua-filesystem-1.6.2-2.el7.src.rpm,failed to get coordinates from purl: pkg:rpm/lua-filesystem@1.6.2-2.el7?arch=x86_64&epoch=0&upstream=lua-filesystem-1.6.2-2.el7.src.rpm
hpc@hpc-collab_sbom.json,pkg:rpm/lua-filesystem@1.6.2-2.el7?arch=x86_64&epoch=0&upstream=lua-filesystem-1.6.2-2.el7.src.rpm,failed to get coordinates from purl: pkg:rpm/lua-filesystem@1.6.2-2.el7?arch=x86_64&epoch=0&upstream=lua-filesystem-1.6.2-2.el7.src.rpm
hpc@hpc-collab_sbom.json,pkg:rpm/lua-json@1.3.2-2.el7?arch=noarch&epoch=0&upstream=lua-json-1.3.2-2.el7.src.rpm,failed to get coordinates from purl: pkg:rpm/lua-json@1.3.2-2.el7?arch=noarch&epoch=0&upstream=lua-json-1.3.2-2.el7.src.rpm
hpc@hpc-collab_sbom.json,pkg:rpm/lua-json@1.3.2-2.el7?arch=noarch&epoch=0&upstream=lua-json-1.3.2-2.el7.src.rpm,failed to get coordinates from purl: pkg:rpm/lua-json@1.3.2-2.el7?arch=noarch&epoch=0&upstream=lua-json-1.3.2-2.el7.src.rpm
hpc@hpc-collab_sbom.json,pkg:rpm/lua-json@1.3.2-2.el7?arch=noarch&epoch=0&upstream=lua-json-1.3.2-2.el7.src.rpm,failed to get coordinates from purl: pkg:rpm/lua-json@1.3.2-2.el7?arch=noarch&epoch=0&upstream=lua-json-1.3.2-2.el7.src.rpm
hpc@hpc-collab_sbom.json,pkg:rpm/lua-json@1.3.2-2.el7?arch=noarch&epoch=0&upstream=lua-json-1.3.2-2.el7.src.rpm,failed to get coordinates from purl: pkg:rpm/lua-json@1.3.2-2.el7?arch=noarch&epoch=0&upstream=lua-json-1.3.2-2.el7.src.rpm
hpc@hpc-collab_sbom.json,pkg:rpm/lua-json@1.3.2-2.el7?arch=noarch&epoch=0&upstream=lua-json-1.3.2-2.el7.src.rpm,failed to get coordinates from purl: pkg:rpm/lua-json@1.3.2-2.el7?arch=noarch&epoch=0&upstream=lua-json-1.3.2-2.el7.src.rpm
hpc@hpc-collab_sbom.json,pkg:rpm/lua-json@1.3.2-2.el7?arch=noarch&epoch=0&upstream=lua-json-1.3.2-2.el7.src.rpm,failed to get coordinates from purl: pkg:rpm/lua-json@1.3.2-2.el7?arch=noarch&epoch=0&upstream=lua-json-1.3.2-2.el7.src.rpm
hpc@hpc-collab_sbom.json,pkg:rpm/lua-json@1.3.2-2.el7?arch=noarch&epoch=0&upstream=lua-json-1.3.2-2.el7.src.rpm,failed to get coordinates from purl: pkg:rpm/lua-json@1.3.2-2.el7?arch=noarch&epoch=0&upstream=lua-json-1.3.2-2.el7.src.rpm
hpc@hpc-collab_sbom.json,pkg:rpm/lua-json@1.3.2-2.el7?arch=noarch&epoch=0&upstream=lua-json-1.3.2-2.el7.src.rpm,failed to get coordinates from purl: pkg:rpm/lua-json@1.3.2-2.el7?arch=noarch&epoch=0&upstream=lua-json-1.3.2-2.el7.src.rpm
hpc@hpc-collab_sbom.json,pkg:rpm/lua-json@1.3.2-2.el7?arch=noarch&epoch=0&upstream=lua-json-1.3.2-2.el7.src.rpm,failed to get coordinates from purl: pkg:rpm/lua-json@1.3.2-2.el7?arch=noarch&epoch=0&upstream=lua-json-1.3.2-2.el7.src.rpm
hpc@hpc-collab_sbom.json,pkg:rpm/lua-lpeg@0.12-1.el7?arch=x86_64&epoch=0&upstream=lua-lpeg-0.12-1.el7.src.rpm,failed to get coordinates from purl: pkg:rpm/lua-lpeg@0.12-1.el7?arch=x86_64&epoch=0&upstream=lua-lpeg-0.12-1.el7.src.rpm
hpc@hpc-collab_sbom.json,pkg:rpm/lua-lpeg@0.12-1.el7?arch=x86_64&epoch=0&upstream=lua-lpeg-0.12-1.el7.src.rpm,failed to get coordinates from purl: pkg:rpm/lua-lpeg@0.12-1.el7?arch=x86_64&epoch=0&upstream=lua-lpeg-0.12-1.el7.src.rpm
hpc@hpc-collab_sbom.json,pkg:rpm/lua-lpeg@0.12-1.el7?arch=x86_64&epoch=0&upstream=lua-lpeg-0.12-1.el7.src.rpm,failed to get coordinates from purl: pkg:rpm/lua-lpeg@0.12-1.el7?arch=x86_64&epoch=0&upstream=lua-lpeg-0.12-1.el7.src.rpm
hpc@hpc-collab_sbom.json,pkg:rpm/lua-lpeg@0.12-1.el7?arch=x86_64&epoch=0&upstream=lua-lpeg-0.12-1.el7.src.rpm,failed to get coordinates from purl: pkg:rpm/lua-lpeg@0.12-1.el7?arch=x86_64&epoch=0&upstream=lua-lpeg-0.12-1.el7.src.rpm
hpc@hpc-collab_sbom.json,pkg:rpm/lua-lpeg@0.12-1.el7?arch=x86_64&epoch=0&upstream=lua-lpeg-0.12-1.el7.src.rpm,failed to get coordinates from purl: pkg:rpm/lua-lpeg@0.12-1.el7?arch=x86_64&epoch=0&upstream=lua-lpeg-0.12-1.el7.src.rpm
hpc@hpc-collab_sbom.json,pkg:rpm/lua-lpeg@0.12-1.el7?arch=x86_64&epoch=0&upstream=lua-lpeg-0.12-1.el7.src.rpm,failed to get coordinates from purl: pkg:rpm/lua-lpeg@0.12-1.el7?arch=x86_64&epoch=0&upstream=lua-lpeg-0.12-1.el7.src.rpm
hpc@hpc-collab_sbom.json,pkg:rpm/lua-lpeg@0.12-1.el7?arch=x86_64&epoch=0&upstream=lua-lpeg-0.12-1.el7.src.rpm,failed to get coordinates from purl: pkg:rpm/lua-lpeg@0.12-1.el7?arch=x86_64&epoch=0&upstream=lua-lpeg-0.12-1.el7.src.rpm
hpc@hpc-collab_sbom.json,pkg:rpm/lua-lpeg@0.12-1.el7?arch=x86_64&epoch=0&upstream=lua-lpeg-0.12-1.el7.src.rpm,failed to get coordinates from purl: pkg:rpm/lua-lpeg@0.12-1.el7?arch=x86_64&epoch=0&upstream=lua-lpeg-0.12-1.el7.src.rpm
hpc@hpc-collab_sbom.json,pkg:rpm/lua-lpeg@0.12-1.el7?arch=x86_64&epoch=0&upstream=lua-lpeg-0.12-1.el7.src.rpm,failed to get coordinates from purl: pkg:rpm/lua-lpeg@0.12-1.el7?arch=x86_64&epoch=0&upstream=lua-lpeg-0.12-1.el7.src.rpm
hpc@hpc-collab_sbom.json,pkg:rpm/lua-posix@32-2.el7?arch=x86_64&epoch=0&upstream=lua-posix-32-2.el7.src.rpm,failed to get coordinates from purl: pkg:rpm/lua-posix@32-2.el7?arch=x86_64&epoch=0&upstream=lua-posix-32-2.el7.src.rpm
hpc@hpc-collab_sbom.json,pkg:rpm/lua-posix@32-2.el7?arch=x86_64&epoch=0&upstream=lua-posix-32-2.el7.src.rpm,failed to get coordinates from purl: pkg:rpm/lua-posix@32-2.el7?arch=x86_64&epoch=0&upstream=lua-posix-32-2.el7.src.rpm
hpc@hpc-collab_sbom.json,pkg:rpm/lua-posix@32-2.el7?arch=x86_64&epoch=0&upstream=lua-posix-32-2.el7.src.rpm,failed to get coordinates from purl: pkg:rpm/lua-posix@32-2.el7?arch=x86_64&epoch=0&upstream=lua-posix-32-2.el7.src.rpm
hpc@hpc-collab_sbom.json,pkg:rpm/lua-posix@32-2.el7?arch=x86_64&epoch=0&upstream=lua-posix-32-2.el7.src.rpm,failed to get coordinates from purl: pkg:rpm/lua-posix@32-2.el7?arch=x86_64&epoch=0&upstream=lua-posix-32-2.el7.src.rpm
hpc@hpc-collab_sbom.json,pkg:rpm/lua-posix@32-2.el7?arch=x86_64&epoch=0&upstream=lua-posix-32-2.el7.src.rpm,failed to get coordinates from purl: pkg:rpm/lua-posix@32-2.el7?arch=x86_64&epoch=0&upstream=lua-posix-32-2.el7.src.rpm
hpc@hpc-collab_sbom.json,pkg:rpm/lua-posix@32-2.el7?arch=x86_64&epoch=0&upstream=lua-posix-32-2.el7.src.rpm,failed to get coordinates from purl: pkg:rpm/lua-posix@32-2.el7?arch=x86_64&epoch=0&upstream=lua-posix-32-2.el7.src.rpm
hpc@hpc-collab_sbom.json,pkg:rpm/lua-posix@32-2.el7?arch=x86_64&epoch=0&upstream=lua-posix-32-2.el7.src.rpm,failed to get coordinates from purl: pkg:rpm/lua-posix@32-2.el7?arch=x86_64&epoch=0&upstream=lua-posix-32-2.el7.src.rpm
hpc@hpc-collab_sbom.json,pkg:rpm/lua-posix@32-2.el7?arch=x86_64&epoch=0&upstream=lua-posix-32-2.el7.src.rpm,failed to get coordinates from purl: pkg:rpm/lua-posix@32-2.el7?arch=x86_64&epoch=0&upstream=lua-posix-32-2.el7.src.rpm
hpc@hpc-collab_sbom.json,pkg:rpm/lua-posix@32-2.el7?arch=x86_64&epoch=0&upstream=lua-posix-32-2.el7.src.rpm,failed to get coordinates from purl: pkg:rpm/lua-posix@32-2.el7?arch=x86_64&epoch=0&upstream=lua-posix-32-2.el7.src.rpm
hpc@hpc-collab_sbom.json,pkg:rpm/lua-term@0.03-3.el7?arch=x86_64&epoch=0&upstream=lua-term-0.03-3.el7.src.rpm,failed to get coordinates from purl: pkg:rpm/lua-term@0.03-3.el7?arch=x86_64&epoch=0&upstream=lua-term-0.03-3.el7.src.rpm
hpc@hpc-collab_sbom.json,pkg:rpm/lua-term@0.03-3.el7?arch=x86_64&epoch=0&upstream=lua-term-0.03-3.el7.src.rpm,failed to get coordinates from purl: pkg:rpm/lua-term@0.03-3.el7?arch=x86_64&epoch=0&upstream=lua-term-0.03-3.el7.src.rpm
hpc@hpc-collab_sbom.json,pkg:rpm/lua-term@0.03-3.el7?arch=x86_64&epoch=0&upstream=lua-term-0.03-3.el7.src.rpm,failed to get coordinates from purl: pkg:rpm/lua-term@0.03-3.el7?arch=x86_64&epoch=0&upstream=lua-term-0.03-3.el7.src.rpm
hpc@hpc-collab_sbom.json,pkg:rpm/lua-term@0.03-3.el7?arch=x86_64&epoch=0&upstream=lua-term-0.03-3.el7.src.rpm,failed to get coordinates from purl: pkg:rpm/lua-term@0.03-3.el7?arch=x86_64&epoch=0&upstream=lua-term-0.03-3.el7.src.rpm
hpc@hpc-collab_sbom.json,pkg:rpm/lua-term@0.03-3.el7?arch=x86_64&epoch=0&upstream=lua-term-0.03-3.el7.src.rpm,failed to get coordinates from purl: pkg:rpm/lua-term@0.03-3.el7?arch=x86_64&epoch=0&upstream=lua-term-0.03-3.el7.src.rpm
hpc@hpc-collab_sbom.json,pkg:rpm/lua-term@0.03-3.el7?arch=x86_64&epoch=0&upstream=lua-term-0.03-3.el7.src.rpm,failed to get coordinates from purl: pkg:rpm/lua-term@0.03-3.el7?arch=x86_64&epoch=0&upstream=lua-term-0.03-3.el7.src.rpm
hpc@hpc-collab_sbom.json,pkg:rpm/lua-term@0.03-3.el7?arch=x86_64&epoch=0&upstream=lua-term-0.03-3.el7.src.rpm,failed to get coordinates from purl: pkg:rpm/lua-term@0.03-3.el7?arch=x86_64&epoch=0&upstream=lua-term-0.03-3.el7.src.rpm
hpc@hpc-collab_sbom.json,pkg:rpm/lua-term@0.03-3.el7?arch=x86_64&epoch=0&upstream=lua-term-0.03-3.el7.src.rpm,failed to get coordinates from purl: pkg:rpm/lua-term@0.03-3.el7?arch=x86_64&epoch=0&upstream=lua-term-0.03-3.el7.src.rpm
hpc@hpc-collab_sbom.json,pkg:rpm/lua-term@0.03-3.el7?arch=x86_64&epoch=0&upstream=lua-term-0.03-3.el7.src.rpm,failed to get coordinates from purl: pkg:rpm/lua-term@0.03-3.el7?arch=x86_64&epoch=0&upstream=lua-term-0.03-3.el7.src.rpm
hpc@hpc-collab_sbom.json,pkg:rpm/luajit@2.0.4-3.el7?arch=x86_64&epoch=0&upstream=luajit-2.0.4-3.el7.src.rpm,failed to get coordinates from purl: pkg:rpm/luajit@2.0.4-3.el7?arch=x86_64&epoch=0&upstream=luajit-2.0.4-3.el7.src.rpm
hpc@hpc-collab_sbom.json,pkg:rpm/luajit@2.0.4-3.el7?arch=x86_64&epoch=0&upstream=luajit-2.0.4-3.el7.src.rpm,failed to get coordinates from purl: pkg:rpm/luajit@2.0.4-3.el7?arch=x86_64&epoch=0&upstream=luajit-2.0.4-3.el7.src.rpm
hpc@hpc-collab_sbom.json,pkg:rpm/luajit@2.0.4-3.el7?arch=x86_64&epoch=0&upstream=luajit-2.0.4-3.el7.src.rpm,failed to get coordinates from purl: pkg:rpm/luajit@2.0.4-3.el7?arch=x86_64&epoch=0&upstream=luajit-2.0.4-3.el7.src.rpm
hpc@hpc-collab_sbom.json,pkg:rpm/luarocks@2.3.0-1.el7?arch=x86_64&epoch=0&upstream=luarocks-2.3.0-1.el7.src.rpm,failed to get coordinates from purl: pkg:rpm/luarocks@2.3.0-1.el7?arch=x86_64&epoch=0&upstream=luarocks-2.3.0-1.el7.src.rpm
hpc@hpc-collab_sbom.json,pkg:rpm/luarocks@2.3.0-1.el7?arch=x86_64&epoch=0&upstream=luarocks-2.3.0-1.el7.src.rpm,failed to get coordinates from purl: pkg:rpm/luarocks@2.3.0-1.el7?arch=x86_64&epoch=0&upstream=luarocks-2.3.0-1.el7.src.rpm
hpc@hpc-collab_sbom.json,pkg:rpm/man2html@1.6-13.g.el7?arch=x86_64&epoch=0&upstream=man2html-1.6-13.g.el7.src.rpm,failed to get coordinates from purl: pkg:rpm/man2html@1.6-13.g.el7?arch=x86_64&epoch=0&upstream=man2html-1.6-13.g.el7.src.rpm
hpc@hpc-collab_sbom.json,pkg:rpm/man2html-core@1.6-13.g.el7?arch=x86_64&epoch=0&upstream=man2html-1.6-13.g.el7.src.rpm,failed to get coordinates from purl: pkg:rpm/man2html-core@1.6-13.g.el7?arch=x86_64&epoch=0&upstream=man2html-1.6-13.g.el7.src.rpm
hpc@hpc-collab_sbom.json,pkg:rpm/munge@0.5.11-3.el7?arch=x86_64&epoch=0&upstream=munge-0.5.11-3.el7.src.rpm,failed to get coordinates from purl: pkg:rpm/munge@0.5.11-3.el7?arch=x86_64&epoch=0&upstream=munge-0.5.11-3.el7.src.rpm
hpc@hpc-collab_sbom.json,pkg:rpm/munge@0.5.11-3.el7?arch=x86_64&epoch=0&upstream=munge-0.5.11-3.el7.src.rpm,failed to get coordinates from purl: pkg:rpm/munge@0.5.11-3.el7?arch=x86_64&epoch=0&upstream=munge-0.5.11-3.el7.src.rpm
hpc@hpc-collab_sbom.json,pkg:rpm/munge@0.5.11-3.el7?arch=x86_64&epoch=0&upstream=munge-0.5.11-3.el7.src.rpm,failed to get coordinates from purl: pkg:rpm/munge@0.5.11-3.el7?arch=x86_64&epoch=0&upstream=munge-0.5.11-3.el7.src.rpm
hpc@hpc-collab_sbom.json,pkg:rpm/munge@0.5.11-3.el7?arch=x86_64&epoch=0&upstream=munge-0.5.11-3.el7.src.rpm,failed to get coordinates from purl: pkg:rpm/munge@0.5.11-3.el7?arch=x86_64&epoch=0&upstream=munge-0.5.11-3.el7.src.rpm
hpc@hpc-collab_sbom.json,pkg:rpm/munge@0.5.11-3.el7?arch=x86_64&epoch=0&upstream=munge-0.5.11-3.el7.src.rpm,failed to get coordinates from purl: pkg:rpm/munge@0.5.11-3.el7?arch=x86_64&epoch=0&upstream=munge-0.5.11-3.el7.src.rpm
hpc@hpc-collab_sbom.json,pkg:rpm/munge@0.5.11-3.el7?arch=x86_64&epoch=0&upstream=munge-0.5.11-3.el7.src.rpm,failed to get coordinates from purl: pkg:rpm/munge@0.5.11-3.el7?arch=x86_64&epoch=0&upstream=munge-0.5.11-3.el7.src.rpm
hpc@hpc-collab_sbom.json,pkg:rpm/munge@0.5.11-3.el7?arch=x86_64&epoch=0&upstream=munge-0.5.11-3.el7.src.rpm,failed to get coordinates from purl: pkg:rpm/munge@0.5.11-3.el7?arch=x86_64&epoch=0&upstream=munge-0.5.11-3.el7.src.rpm
hpc@hpc-collab_sbom.json,pkg:rpm/munge@0.5.11-3.el7?arch=x86_64&epoch=0&upstream=munge-0.5.11-3.el7.src.rpm,failed to get coordinates from purl: pkg:rpm/munge@0.5.11-3.el7?arch=x86_64&epoch=0&upstream=munge-0.5.11-3.el7.src.rpm
hpc@hpc-collab_sbom.json,pkg:rpm/munge@0.5.11-3.el7?arch=x86_64&epoch=0&upstream=munge-0.5.11-3.el7.src.rpm,failed to get coordinates from purl: pkg:rpm/munge@0.5.11-3.el7?arch=x86_64&epoch=0&upstream=munge-0.5.11-3.el7.src.rpm
hpc@hpc-collab_sbom.json,pkg:rpm/munge@0.5.11-3.el7?arch=x86_64&epoch=0&upstream=munge-0.5.11-3.el7.src.rpm,failed to get coordinates from purl: pkg:rpm/munge@0.5.11-3.el7?arch=x86_64&epoch=0&upstream=munge-0.5.11-3.el7.src.rpm
hpc@hpc-collab_sbom.json,pkg:rpm/munge@0.5.11-3.el7?arch=x86_64&epoch=0&upstream=munge-0.5.11-3.el7.src.rpm,failed to get coordinates from purl: pkg:rpm/munge@0.5.11-3.el7?arch=x86_64&epoch=0&upstream=munge-0.5.11-3.el7.src.rpm
hpc@hpc-collab_sbom.json,pkg:rpm/munge@0.5.11-3.el7?arch=x86_64&epoch=0&upstream=munge-0.5.11-3.el7.src.rpm,failed to get coordinates from purl: pkg:rpm/munge@0.5.11-3.el7?arch=x86_64&epoch=0&upstream=munge-0.5.11-3.el7.src.rpm
hpc@hpc-collab_sbom.json,pkg:rpm/munge-devel@0.5.11-3.el7?arch=x86_64&epoch=0&upstream=munge-0.5.11-3.el7.src.rpm,failed to get coordinates from purl: pkg:rpm/munge-devel@0.5.11-3.el7?arch=x86_64&epoch=0&upstream=munge-0.5.11-3.el7.src.rpm
hpc@hpc-collab_sbom.json,pkg:rpm/munge-devel@0.5.11-3.el7?arch=x86_64&epoch=0&upstream=munge-0.5.11-3.el7.src.rpm,failed to get coordinates from purl: pkg:rpm/munge-devel@0.5.11-3.el7?arch=x86_64&epoch=0&upstream=munge-0.5.11-3.el7.src.rpm
hpc@hpc-collab_sbom.json,pkg:rpm/munge-devel@0.5.11-3.el7?arch=x86_64&epoch=0&upstream=munge-0.5.11-3.el7.src.rpm,failed to get coordinates from purl: pkg:rpm/munge-devel@0.5.11-3.el7?arch=x86_64&epoch=0&upstream=munge-0.5.11-3.el7.src.rpm
hpc@hpc-collab_sbom.json,pkg:rpm/munge-devel@0.5.11-3.el7?arch=x86_64&epoch=0&upstream=munge-0.5.11-3.el7.src.rpm,failed to get coordinates from purl: pkg:rpm/munge-devel@0.5.11-3.el7?arch=x86_64&epoch=0&upstream=munge-0.5.11-3.el7.src.rpm
hpc@hpc-collab_sbom.json,pkg:rpm/munge-devel@0.5.11-3.el7?arch=x86_64&epoch=0&upstream=munge-0.5.11-3.el7.src.rpm,failed to get coordinates from purl: pkg:rpm/munge-devel@0.5.11-3.el7?arch=x86_64&epoch=0&upstream=munge-0.5.11-3.el7.src.rpm
hpc@hpc-collab_sbom.json,pkg:rpm/munge-devel@0.5.11-3.el7?arch=x86_64&epoch=0&upstream=munge-0.5.11-3.el7.src.rpm,failed to get coordinates from purl: pkg:rpm/munge-devel@0.5.11-3.el7?arch=x86_64&epoch=0&upstream=munge-0.5.11-3.el7.src.rpm
hpc@hpc-collab_sbom.json,pkg:rpm/munge-devel@0.5.11-3.el7?arch=x86_64&epoch=0&upstream=munge-0.5.11-3.el7.src.rpm,failed to get coordinates from purl: pkg:rpm/munge-devel@0.5.11-3.el7?arch=x86_64&epoch=0&upstream=munge-0.5.11-3.el7.src.rpm
hpc@hpc-collab_sbom.json,pkg:rpm/munge-devel@0.5.11-3.el7?arch=x86_64&epoch=0&upstream=munge-0.5.11-3.el7.src.rpm,failed to get coordinates from purl: pkg:rpm/munge-devel@0.5.11-3.el7?arch=x86_64&epoch=0&upstream=munge-0.5.11-3.el7.src.rpm
hpc@hpc-collab_sbom.json,pkg:rpm/munge-devel@0.5.11-3.el7?arch=x86_64&epoch=0&upstream=munge-0.5.11-3.el7.src.rpm,failed to get coordinates from purl: pkg:rpm/munge-devel@0.5.11-3.el7?arch=x86_64&epoch=0&upstream=munge-0.5.11-3.el7.src.rpm
hpc@hpc-collab_sbom.json,pkg:rpm/munge-devel@0.5.11-3.el7?arch=x86_64&epoch=0&upstream=munge-0.5.11-3.el7.src.rpm,failed to get coordinates from purl: pkg:rpm/munge-devel@0.5.11-3.el7?arch=x86_64&epoch=0&upstream=munge-0.5.11-3.el7.src.rpm
hpc@hpc-collab_sbom.json,pkg:rpm/munge-devel@0.5.11-3.el7?arch=x86_64&epoch=0&upstream=munge-0.5.11-3.el7.src.rpm,failed to get coordinates from purl: pkg:rpm/munge-devel@0.5.11-3.el7?arch=x86_64&epoch=0&upstream=munge-0.5.11-3.el7.src.rpm
hpc@hpc-collab_sbom.json,pkg:rpm/munge-devel@0.5.11-3.el7?arch=x86_64&epoch=0&upstream=munge-0.5.11-3.el7.src.rpm,failed to get coordinates from purl: pkg:rpm/munge-devel@0.5.11-3.el7?arch=x86_64&epoch=0&upstream=munge-0.5.11-3.el7.src.rpm
hpc@hpc-collab_sbom.json,pkg:rpm/munge-libs@0.5.11-3.el7?arch=x86_64&epoch=0&upstream=munge-0.5.11-3.el7.src.rpm,failed to get coordinates from purl: pkg:rpm/munge-libs@0.5.11-3.el7?arch=x86_64&epoch=0&upstream=munge-0.5.11-3.el7.src.rpm
hpc@hpc-collab_sbom.json,pkg:rpm/munge-libs@0.5.11-3.el7?arch=x86_64&epoch=0&upstream=munge-0.5.11-3.el7.src.rpm,failed to get coordinates from purl: pkg:rpm/munge-libs@0.5.11-3.el7?arch=x86_64&epoch=0&upstream=munge-0.5.11-3.el7.src.rpm
hpc@hpc-collab_sbom.json,pkg:rpm/munge-libs@0.5.11-3.el7?arch=x86_64&epoch=0&upstream=munge-0.5.11-3.el7.src.rpm,failed to get coordinates from purl: pkg:rpm/munge-libs@0.5.11-3.el7?arch=x86_64&epoch=0&upstream=munge-0.5.11-3.el7.src.rpm
hpc@hpc-collab_sbom.json,pkg:rpm/munge-libs@0.5.11-3.el7?arch=x86_64&epoch=0&upstream=munge-0.5.11-3.el7.src.rpm,failed to get coordinates from purl: pkg:rpm/munge-libs@0.5.11-3.el7?arch=x86_64&epoch=0&upstream=munge-0.5.11-3.el7.src.rpm
hpc@hpc-collab_sbom.json,pkg:rpm/munge-libs@0.5.11-3.el7?arch=x86_64&epoch=0&upstream=munge-0.5.11-3.el7.src.rpm,failed to get coordinates from purl: pkg:rpm/munge-libs@0.5.11-3.el7?arch=x86_64&epoch=0&upstream=munge-0.5.11-3.el7.src.rpm
hpc@hpc-collab_sbom.json,pkg:rpm/munge-libs@0.5.11-3.el7?arch=x86_64&epoch=0&upstream=munge-0.5.11-3.el7.src.rpm,failed to get coordinates from purl: pkg:rpm/munge-libs@0.5.11-3.el7?arch=x86_64&epoch=0&upstream=munge-0.5.11-3.el7.src.rpm
hpc@hpc-collab_sbom.json,pkg:rpm/munge-libs@0.5.11-3.el7?arch=x86_64&epoch=0&upstream=munge-0.5.11-3.el7.src.rpm,failed to get coordinates from purl: pkg:rpm/munge-libs@0.5.11-3.el7?arch=x86_64&epoch=0&upstream=munge-0.5.11-3.el7.src.rpm
hpc@hpc-collab_sbom.json,pkg:rpm/munge-libs@0.5.11-3.el7?arch=x86_64&epoch=0&upstream=munge-0.5.11-3.el7.src.rpm,failed to get coordinates from purl: pkg:rpm/munge-libs@0.5.11-3.el7?arch=x86_64&epoch=0&upstream=munge-0.5.11-3.el7.src.rpm
hpc@hpc-collab_sbom.json,pkg:rpm/munge-libs@0.5.11-3.el7?arch=x86_64&epoch=0&upstream=munge-0.5.11-3.el7.src.rpm,failed to get coordinates from purl: pkg:rpm/munge-libs@0.5.11-3.el7?arch=x86_64&epoch=0&upstream=munge-0.5.11-3.el7.src.rpm
hpc@hpc-collab_sbom.json,pkg:rpm/munge-libs@0.5.11-3.el7?arch=x86_64&epoch=0&upstream=munge-0.5.11-3.el7.src.rpm,failed to get coordinates from purl: pkg:rpm/munge-libs@0.5.11-3.el7?arch=x86_64&epoch=0&upstream=munge-0.5.11-3.el7.src.rpm
hpc@hpc-collab_sbom.json,pkg:rpm/munge-libs@0.5.11-3.el7?arch=x86_64&epoch=0&upstream=munge-0.5.11-3.el7.src.rpm,failed to get coordinates from purl: pkg:rpm/munge-libs@0.5.11-3.el7?arch=x86_64&epoch=0&upstream=munge-0.5.11-3.el7.src.rpm
hpc@hpc-collab_sbom.json,pkg:rpm/munge-libs@0.5.11-3.el7?arch=x86_64&epoch=0&upstream=munge-0.5.11-3.el7.src.rpm,failed to get coordinates from purl: pkg:rpm/munge-libs@0.5.11-3.el7?arch=x86_64&epoch=0&upstream=munge-0.5.11-3.el7.src.rpm
hpc@hpc-collab_sbom.json,pkg:rpm/mysql-connector-python@1.1.6-1.el7?arch=noarch&epoch=0&upstream=mysql-connector-python-1.1.6-1.el7.src.rpm,failed to get coordinates from purl: pkg:rpm/mysql-connector-python@1.1.6-1.el7?arch=noarch&epoch=0&upstream=mysql-connector-python-1.1.6-1.el7.src.rpm
hpc@hpc-collab_sbom.json,pkg:rpm/mysql-connector-python@1.1.6-1.el7?arch=noarch&epoch=0&upstream=mysql-connector-python-1.1.6-1.el7.src.rpm,failed to get coordinates from purl: pkg:rpm/mysql-connector-python@1.1.6-1.el7?arch=noarch&epoch=0&upstream=mysql-connector-python-1.1.6-1.el7.src.rpm
hpc@hpc-collab_sbom.json,pkg:rpm/mysql-connector-python@1.1.6-1.el7?arch=noarch&epoch=0&upstream=mysql-connector-python-1.1.6-1.el7.src.rpm,failed to get coordinates from purl: pkg:rpm/mysql-connector-python@1.1.6-1.el7?arch=noarch&epoch=0&upstream=mysql-connector-python-1.1.6-1.el7.src.rpm
hpc@hpc-collab_sbom.json,pkg:rpm/mysql80-community-release@el7-3?arch=noarch&epoch=0&upstream=mysql80-community-release-el7-3.src.rpm,failed to get coordinates from purl: pkg:rpm/mysql80-community-release@el7-3?arch=noarch&epoch=0&upstream=mysql80-community-release-el7-3.src.rpm
hpc@hpc-collab_sbom.json,pkg:rpm/mysql80-community-release@el7-3?arch=noarch&epoch=0&upstream=mysql80-community-release-el7-3.src.rpm,failed to get coordinates from purl: pkg:rpm/mysql80-community-release@el7-3?arch=noarch&epoch=0&upstream=mysql80-community-release-el7-3.src.rpm
hpc@hpc-collab_sbom.json,pkg:rpm/mysql80-community-release@el7-3?arch=noarch&epoch=0&upstream=mysql80-community-release-el7-3.src.rpm,failed to get coordinates from purl: pkg:rpm/mysql80-community-release@el7-3?arch=noarch&epoch=0&upstream=mysql80-community-release-el7-3.src.rpm
hpc@hpc-collab_sbom.json,pkg:rpm/mysql80-community-release@el7-3?arch=noarch&epoch=0&upstream=mysql80-community-release-el7-3.src.rpm,failed to get coordinates from purl: pkg:rpm/mysql80-community-release@el7-3?arch=noarch&epoch=0&upstream=mysql80-community-release-el7-3.src.rpm
hpc@hpc-collab_sbom.json,pkg:rpm/mysql80-community-release@el7-3?arch=noarch&epoch=0&upstream=mysql80-community-release-el7-3.src.rpm,failed to get coordinates from purl: pkg:rpm/mysql80-community-release@el7-3?arch=noarch&epoch=0&upstream=mysql80-community-release-el7-3.src.rpm
hpc@hpc-collab_sbom.json,pkg:rpm/mysql80-community-release@el7-3?arch=noarch&epoch=0&upstream=mysql80-community-release-el7-3.src.rpm,failed to get coordinates from purl: pkg:rpm/mysql80-community-release@el7-3?arch=noarch&epoch=0&upstream=mysql80-community-release-el7-3.src.rpm
hpc@hpc-collab_sbom.json,pkg:rpm/mysql80-community-release@el7-3?arch=noarch&epoch=0&upstream=mysql80-community-release-el7-3.src.rpm,failed to get coordinates from purl: pkg:rpm/mysql80-community-release@el7-3?arch=noarch&epoch=0&upstream=mysql80-community-release-el7-3.src.rpm
hpc@hpc-collab_sbom.json,pkg:rpm/mysql80-community-release@el7-3?arch=noarch&epoch=0&upstream=mysql80-community-release-el7-3.src.rpm,failed to get coordinates from purl: pkg:rpm/mysql80-community-release@el7-3?arch=noarch&epoch=0&upstream=mysql80-community-release-el7-3.src.rpm
hpc@hpc-collab_sbom.json,pkg:rpm/mysql80-community-release@el7-3?arch=noarch&epoch=0&upstream=mysql80-community-release-el7-3.src.rpm,failed to get coordinates from purl: pkg:rpm/mysql80-community-release@el7-3?arch=noarch&epoch=0&upstream=mysql80-community-release-el7-3.src.rpm
hpc@hpc-collab_sbom.json,pkg:rpm/mysql80-community-release@el7-3?arch=noarch&epoch=0&upstream=mysql80-community-release-el7-3.src.rpm,failed to get coordinates from purl: pkg:rpm/mysql80-community-release@el7-3?arch=noarch&epoch=0&upstream=mysql80-community-release-el7-3.src.rpm
hpc@hpc-collab_sbom.json,pkg:rpm/mysql80-community-release@el7-3?arch=noarch&epoch=0&upstream=mysql80-community-release-el7-3.src.rpm,failed to get coordinates from purl: pkg:rpm/mysql80-community-release@el7-3?arch=noarch&epoch=0&upstream=mysql80-community-release-el7-3.src.rpm
hpc@hpc-collab_sbom.json,pkg:rpm/mysql80-community-release@el7-3?arch=noarch&epoch=0&upstream=mysql80-community-release-el7-3.src.rpm,failed to get coordinates from purl: pkg:rpm/mysql80-community-release@el7-3?arch=noarch&epoch=0&upstream=mysql80-community-release-el7-3.src.rpm
hpc@hpc-collab_sbom.json,pkg:rpm/mysql80-community-release@el7-3?arch=noarch&epoch=0&upstream=mysql80-community-release-el7-3.src.rpm,failed to get coordinates from purl: pkg:rpm/mysql80-community-release@el7-3?arch=noarch&epoch=0&upstream=mysql80-community-release-el7-3.src.rpm
hpc@hpc-collab_sbom.json,pkg:rpm/mytop@1.7-10.b737f60.el7?arch=noarch&epoch=0&upstream=mytop-1.7-10.b737f60.el7.src.rpm,failed to get coordinates from purl: pkg:rpm/mytop@1.7-10.b737f60.el7?arch=noarch&epoch=0&upstream=mytop-1.7-10.b737f60.el7.src.rpm
hpc@hpc-collab_sbom.json,pkg:rpm/mytop@1.7-10.b737f60.el7?arch=noarch&epoch=0&upstream=mytop-1.7-10.b737f60.el7.src.rpm,failed to get coordinates from purl: pkg:rpm/mytop@1.7-10.b737f60.el7?arch=noarch&epoch=0&upstream=mytop-1.7-10.b737f60.el7.src.rpm
hpc@hpc-collab_sbom.json,pkg:rpm/mytop@1.7-10.b737f60.el7?arch=noarch&epoch=0&upstream=mytop-1.7-10.b737f60.el7.src.rpm,failed to get coordinates from purl: pkg:rpm/mytop@1.7-10.b737f60.el7?arch=noarch&epoch=0&upstream=mytop-1.7-10.b737f60.el7.src.rpm
hpc@hpc-collab_sbom.json,pkg:rpm/pdsh@2.31-1.el7?arch=x86_64&epoch=0&upstream=pdsh-2.31-1.el7.src.rpm,failed to get coordinates from purl: pkg:rpm/pdsh@2.31-1.el7?arch=x86_64&epoch=0&upstream=pdsh-2.31-1.el7.src.rpm
hpc@hpc-collab_sbom.json,pkg:rpm/pdsh@2.31-1.el7?arch=x86_64&epoch=0&upstream=pdsh-2.31-1.el7.src.rpm,failed to get coordinates from purl: pkg:rpm/pdsh@2.31-1.el7?arch=x86_64&epoch=0&upstream=pdsh-2.31-1.el7.src.rpm
hpc@hpc-collab_sbom.json,pkg:rpm/pdsh@2.31-1.el7?arch=x86_64&epoch=0&upstream=pdsh-2.31-1.el7.src.rpm,failed to get coordinates from purl: pkg:rpm/pdsh@2.31-1.el7?arch=x86_64&epoch=0&upstream=pdsh-2.31-1.el7.src.rpm
hpc@hpc-collab_sbom.json,pkg:rpm/pdsh@2.31-1.el7?arch=x86_64&epoch=0&upstream=pdsh-2.31-1.el7.src.rpm,failed to get coordinates from purl: pkg:rpm/pdsh@2.31-1.el7?arch=x86_64&epoch=0&upstream=pdsh-2.31-1.el7.src.rpm
hpc@hpc-collab_sbom.json,pkg:rpm/pdsh@2.31-1.el7?arch=x86_64&epoch=0&upstream=pdsh-2.31-1.el7.src.rpm,failed to get coordinates from purl: pkg:rpm/pdsh@2.31-1.el7?arch=x86_64&epoch=0&upstream=pdsh-2.31-1.el7.src.rpm
hpc@hpc-collab_sbom.json,pkg:rpm/pdsh@2.31-1.el7?arch=x86_64&epoch=0&upstream=pdsh-2.31-1.el7.src.rpm,failed to get coordinates from purl: pkg:rpm/pdsh@2.31-1.el7?arch=x86_64&epoch=0&upstream=pdsh-2.31-1.el7.src.rpm
hpc@hpc-collab_sbom.json,pkg:rpm/pdsh@2.31-1.el7?arch=x86_64&epoch=0&upstream=pdsh-2.31-1.el7.src.rpm,failed to get coordinates from purl: pkg:rpm/pdsh@2.31-1.el7?arch=x86_64&epoch=0&upstream=pdsh-2.31-1.el7.src.rpm
hpc@hpc-collab_sbom.json,pkg:rpm/pdsh-mod-dshgroup@2.31-1.el7?arch=x86_64&epoch=0&upstream=pdsh-2.31-1.el7.src.rpm,failed to get coordinates from purl: pkg:rpm/pdsh-mod-dshgroup@2.31-1.el7?arch=x86_64&epoch=0&upstream=pdsh-2.31-1.el7.src.rpm
hpc@hpc-collab_sbom.json,pkg:rpm/pdsh-mod-dshgroup@2.31-1.el7?arch=x86_64&epoch=0&upstream=pdsh-2.31-1.el7.src.rpm,failed to get coordinates from purl: pkg:rpm/pdsh-mod-dshgroup@2.31-1.el7?arch=x86_64&epoch=0&upstream=pdsh-2.31-1.el7.src.rpm
hpc@hpc-collab_sbom.json,pkg:rpm/pdsh-mod-dshgroup@2.31-1.el7?arch=x86_64&epoch=0&upstream=pdsh-2.31-1.el7.src.rpm,failed to get coordinates from purl: pkg:rpm/pdsh-mod-dshgroup@2.31-1.el7?arch=x86_64&epoch=0&upstream=pdsh-2.31-1.el7.src.rpm
hpc@hpc-collab_sbom.json,pkg:rpm/pdsh-mod-dshgroup@2.31-1.el7?arch=x86_64&epoch=0&upstream=pdsh-2.31-1.el7.src.rpm,failed to get coordinates from purl: pkg:rpm/pdsh-mod-dshgroup@2.31-1.el7?arch=x86_64&epoch=0&upstream=pdsh-2.31-1.el7.src.rpm
hpc@hpc-collab_sbom.json,pkg:rpm/pdsh-mod-dshgroup@2.31-1.el7?arch=x86_64&epoch=0&upstream=pdsh-2.31-1.el7.src.rpm,failed to get coordinates from purl: pkg:rpm/pdsh-mod-dshgroup@2.31-1.el7?arch=x86_64&epoch=0&upstream=pdsh-2.31-1.el7.src.rpm
hpc@hpc-collab_sbom.json,pkg:rpm/pdsh-mod-dshgroup@2.31-1.el7?arch=x86_64&epoch=0&upstream=pdsh-2.31-1.el7.src.rpm,failed to get coordinates from purl: pkg:rpm/pdsh-mod-dshgroup@2.31-1.el7?arch=x86_64&epoch=0&upstream=pdsh-2.31-1.el7.src.rpm
hpc@hpc-collab_sbom.json,pkg:rpm/pdsh-mod-dshgroup@2.31-1.el7?arch=x86_64&epoch=0&upstream=pdsh-2.31-1.el7.src.rpm,failed to get coordinates from purl: pkg:rpm/pdsh-mod-dshgroup@2.31-1.el7?arch=x86_64&epoch=0&upstream=pdsh-2.31-1.el7.src.rpm
hpc@hpc-collab_sbom.json,pkg:rpm/pdsh-mod-netgroup@2.31-1.el7?arch=x86_64&epoch=0&upstream=pdsh-2.31-1.el7.src.rpm,failed to get coordinates from purl: pkg:rpm/pdsh-mod-netgroup@2.31-1.el7?arch=x86_64&epoch=0&upstream=pdsh-2.31-1.el7.src.rpm
hpc@hpc-collab_sbom.json,pkg:rpm/pdsh-mod-netgroup@2.31-1.el7?arch=x86_64&epoch=0&upstream=pdsh-2.31-1.el7.src.rpm,failed to get coordinates from purl: pkg:rpm/pdsh-mod-netgroup@2.31-1.el7?arch=x86_64&epoch=0&upstream=pdsh-2.31-1.el7.src.rpm
hpc@hpc-collab_sbom.json,pkg:rpm/pdsh-mod-netgroup@2.31-1.el7?arch=x86_64&epoch=0&upstream=pdsh-2.31-1.el7.src.rpm,failed to get coordinates from purl: pkg:rpm/pdsh-mod-netgroup@2.31-1.el7?arch=x86_64&epoch=0&upstream=pdsh-2.31-1.el7.src.rpm
hpc@hpc-collab_sbom.json,pkg:rpm/pdsh-mod-netgroup@2.31-1.el7?arch=x86_64&epoch=0&upstream=pdsh-2.31-1.el7.src.rpm,failed to get coordinates from purl: pkg:rpm/pdsh-mod-netgroup@2.31-1.el7?arch=x86_64&epoch=0&upstream=pdsh-2.31-1.el7.src.rpm
hpc@hpc-collab_sbom.json,pkg:rpm/pdsh-mod-netgroup@2.31-1.el7?arch=x86_64&epoch=0&upstream=pdsh-2.31-1.el7.src.rpm,failed to get coordinates from purl: pkg:rpm/pdsh-mod-netgroup@2.31-1.el7?arch=x86_64&epoch=0&upstream=pdsh-2.31-1.el7.src.rpm
hpc@hpc-collab_sbom.json,pkg:rpm/pdsh-mod-netgroup@2.31-1.el7?arch=x86_64&epoch=0&upstream=pdsh-2.31-1.el7.src.rpm,failed to get coordinates from purl: pkg:rpm/pdsh-mod-netgroup@2.31-1.el7?arch=x86_64&epoch=0&upstream=pdsh-2.31-1.el7.src.rpm
hpc@hpc-collab_sbom.json,pkg:rpm/pdsh-mod-netgroup@2.31-1.el7?arch=x86_64&epoch=0&upstream=pdsh-2.31-1.el7.src.rpm,failed to get coordinates from purl: pkg:rpm/pdsh-mod-netgroup@2.31-1.el7?arch=x86_64&epoch=0&upstream=pdsh-2.31-1.el7.src.rpm
hpc@hpc-collab_sbom.json,pkg:rpm/pdsh-mod-nodeupdown@2.31-1.el7?arch=x86_64&epoch=0&upstream=pdsh-2.31-1.el7.src.rpm,failed to get coordinates from purl: pkg:rpm/pdsh-mod-nodeupdown@2.31-1.el7?arch=x86_64&epoch=0&upstream=pdsh-2.31-1.el7.src.rpm
hpc@hpc-collab_sbom.json,pkg:rpm/pdsh-mod-nodeupdown@2.31-1.el7?arch=x86_64&epoch=0&upstream=pdsh-2.31-1.el7.src.rpm,failed to get coordinates from purl: pkg:rpm/pdsh-mod-nodeupdown@2.31-1.el7?arch=x86_64&epoch=0&upstream=pdsh-2.31-1.el7.src.rpm
hpc@hpc-collab_sbom.json,pkg:rpm/pdsh-mod-nodeupdown@2.31-1.el7?arch=x86_64&epoch=0&upstream=pdsh-2.31-1.el7.src.rpm,failed to get coordinates from purl: pkg:rpm/pdsh-mod-nodeupdown@2.31-1.el7?arch=x86_64&epoch=0&upstream=pdsh-2.31-1.el7.src.rpm
hpc@hpc-collab_sbom.json,pkg:rpm/pdsh-mod-nodeupdown@2.31-1.el7?arch=x86_64&epoch=0&upstream=pdsh-2.31-1.el7.src.rpm,failed to get coordinates from purl: pkg:rpm/pdsh-mod-nodeupdown@2.31-1.el7?arch=x86_64&epoch=0&upstream=pdsh-2.31-1.el7.src.rpm
hpc@hpc-collab_sbom.json,pkg:rpm/pdsh-mod-nodeupdown@2.31-1.el7?arch=x86_64&epoch=0&upstream=pdsh-2.31-1.el7.src.rpm,failed to get coordinates from purl: pkg:rpm/pdsh-mod-nodeupdown@2.31-1.el7?arch=x86_64&epoch=0&upstream=pdsh-2.31-1.el7.src.rpm
hpc@hpc-collab_sbom.json,pkg:rpm/pdsh-mod-nodeupdown@2.31-1.el7?arch=x86_64&epoch=0&upstream=pdsh-2.31-1.el7.src.rpm,failed to get coordinates from purl: pkg:rpm/pdsh-mod-nodeupdown@2.31-1.el7?arch=x86_64&epoch=0&upstream=pdsh-2.31-1.el7.src.rpm
hpc@hpc-collab_sbom.json,pkg:rpm/pdsh-mod-nodeupdown@2.31-1.el7?arch=x86_64&epoch=0&upstream=pdsh-2.31-1.el7.src.rpm,failed to get coordinates from purl: pkg:rpm/pdsh-mod-nodeupdown@2.31-1.el7?arch=x86_64&epoch=0&upstream=pdsh-2.31-1.el7.src.rpm
hpc@hpc-collab_sbom.json,pkg:rpm/pdsh-rcmd-ssh@2.31-1.el7?arch=x86_64&epoch=0&upstream=pdsh-2.31-1.el7.src.rpm,failed to get coordinates from purl: pkg:rpm/pdsh-rcmd-ssh@2.31-1.el7?arch=x86_64&epoch=0&upstream=pdsh-2.31-1.el7.src.rpm
hpc@hpc-collab_sbom.json,pkg:rpm/pdsh-rcmd-ssh@2.31-1.el7?arch=x86_64&epoch=0&upstream=pdsh-2.31-1.el7.src.rpm,failed to get coordinates from purl: pkg:rpm/pdsh-rcmd-ssh@2.31-1.el7?arch=x86_64&epoch=0&upstream=pdsh-2.31-1.el7.src.rpm
hpc@hpc-collab_sbom.json,pkg:rpm/pdsh-rcmd-ssh@2.31-1.el7?arch=x86_64&epoch=0&upstream=pdsh-2.31-1.el7.src.rpm,failed to get coordinates from purl: pkg:rpm/pdsh-rcmd-ssh@2.31-1.el7?arch=x86_64&epoch=0&upstream=pdsh-2.31-1.el7.src.rpm
hpc@hpc-collab_sbom.json,pkg:rpm/pdsh-rcmd-ssh@2.31-1.el7?arch=x86_64&epoch=0&upstream=pdsh-2.31-1.el7.src.rpm,failed to get coordinates from purl: pkg:rpm/pdsh-rcmd-ssh@2.31-1.el7?arch=x86_64&epoch=0&upstream=pdsh-2.31-1.el7.src.rpm
hpc@hpc-collab_sbom.json,pkg:rpm/pdsh-rcmd-ssh@2.31-1.el7?arch=x86_64&epoch=0&upstream=pdsh-2.31-1.el7.src.rpm,failed to get coordinates from purl: pkg:rpm/pdsh-rcmd-ssh@2.31-1.el7?arch=x86_64&epoch=0&upstream=pdsh-2.31-1.el7.src.rpm
hpc@hpc-collab_sbom.json,pkg:rpm/pdsh-rcmd-ssh@2.31-1.el7?arch=x86_64&epoch=0&upstream=pdsh-2.31-1.el7.src.rpm,failed to get coordinates from purl: pkg:rpm/pdsh-rcmd-ssh@2.31-1.el7?arch=x86_64&epoch=0&upstream=pdsh-2.31-1.el7.src.rpm
hpc@hpc-collab_sbom.json,pkg:rpm/pdsh-rcmd-ssh@2.31-1.el7?arch=x86_64&epoch=0&upstream=pdsh-2.31-1.el7.src.rpm,failed to get coordinates from purl: pkg:rpm/pdsh-rcmd-ssh@2.31-1.el7?arch=x86_64&epoch=0&upstream=pdsh-2.31-1.el7.src.rpm
hpc@hpc-collab_sbom.json,pkg:rpm/perf@3.10.0-1127.el7?arch=x86_64&epoch=0&upstream=kernel-3.10.0-1127.el7.src.rpm,failed to get coordinates from purl: pkg:rpm/perf@3.10.0-1127.el7?arch=x86_64&epoch=0&upstream=kernel-3.10.0-1127.el7.src.rpm
hpc@hpc-collab_sbom.json,pkg:rpm/pmix@1.1.3-1.el7?arch=x86_64&epoch=0&upstream=pmix-1.1.3-1.el7.src.rpm,failed to get coordinates from purl: pkg:rpm/pmix@1.1.3-1.el7?arch=x86_64&epoch=0&upstream=pmix-1.1.3-1.el7.src.rpm
hpc@hpc-collab_sbom.json,pkg:rpm/pmix@1.1.3-1.el7?arch=x86_64&epoch=0&upstream=pmix-1.1.3-1.el7.src.rpm,failed to get coordinates from purl: pkg:rpm/pmix@1.1.3-1.el7?arch=x86_64&epoch=0&upstream=pmix-1.1.3-1.el7.src.rpm
hpc@hpc-collab_sbom.json,pkg:rpm/pmix@1.1.3-1.el7?arch=x86_64&epoch=0&upstream=pmix-1.1.3-1.el7.src.rpm,failed to get coordinates from purl: pkg:rpm/pmix@1.1.3-1.el7?arch=x86_64&epoch=0&upstream=pmix-1.1.3-1.el7.src.rpm
hpc@hpc-collab_sbom.json,pkg:rpm/pmix@1.1.3-1.el7?arch=x86_64&epoch=0&upstream=pmix-1.1.3-1.el7.src.rpm,failed to get coordinates from purl: pkg:rpm/pmix@1.1.3-1.el7?arch=x86_64&epoch=0&upstream=pmix-1.1.3-1.el7.src.rpm
hpc@hpc-collab_sbom.json,pkg:rpm/pmix@1.1.3-1.el7?arch=x86_64&epoch=0&upstream=pmix-1.1.3-1.el7.src.rpm,failed to get coordinates from purl: pkg:rpm/pmix@1.1.3-1.el7?arch=x86_64&epoch=0&upstream=pmix-1.1.3-1.el7.src.rpm
hpc@hpc-collab_sbom.json,pkg:rpm/pmix@1.1.3-1.el7?arch=x86_64&epoch=0&upstream=pmix-1.1.3-1.el7.src.rpm,failed to get coordinates from purl: pkg:rpm/pmix@1.1.3-1.el7?arch=x86_64&epoch=0&upstream=pmix-1.1.3-1.el7.src.rpm
hpc@hpc-collab_sbom.json,pkg:rpm/pmix@1.1.3-1.el7?arch=x86_64&epoch=0&upstream=pmix-1.1.3-1.el7.src.rpm,failed to get coordinates from purl: pkg:rpm/pmix@1.1.3-1.el7?arch=x86_64&epoch=0&upstream=pmix-1.1.3-1.el7.src.rpm
hpc@hpc-collab_sbom.json,pkg:rpm/pmix-devel@1.1.3-1.el7?arch=x86_64&epoch=0&upstream=pmix-1.1.3-1.el7.src.rpm,failed to get coordinates from purl: pkg:rpm/pmix-devel@1.1.3-1.el7?arch=x86_64&epoch=0&upstream=pmix-1.1.3-1.el7.src.rpm
hpc@hpc-collab_sbom.json,pkg:rpm/pmix-devel@1.1.3-1.el7?arch=x86_64&epoch=0&upstream=pmix-1.1.3-1.el7.src.rpm,failed to get coordinates from purl: pkg:rpm/pmix-devel@1.1.3-1.el7?arch=x86_64&epoch=0&upstream=pmix-1.1.3-1.el7.src.rpm
hpc@hpc-collab_sbom.json,pkg:rpm/pmix-devel@1.1.3-1.el7?arch=x86_64&epoch=0&upstream=pmix-1.1.3-1.el7.src.rpm,failed to get coordinates from purl: pkg:rpm/pmix-devel@1.1.3-1.el7?arch=x86_64&epoch=0&upstream=pmix-1.1.3-1.el7.src.rpm
hpc@hpc-collab_sbom.json,pkg:rpm/pmix-devel@1.1.3-1.el7?arch=x86_64&epoch=0&upstream=pmix-1.1.3-1.el7.src.rpm,failed to get coordinates from purl: pkg:rpm/pmix-devel@1.1.3-1.el7?arch=x86_64&epoch=0&upstream=pmix-1.1.3-1.el7.src.rpm
hpc@hpc-collab_sbom.json,pkg:rpm/pmix-devel@1.1.3-1.el7?arch=x86_64&epoch=0&upstream=pmix-1.1.3-1.el7.src.rpm,failed to get coordinates from purl: pkg:rpm/pmix-devel@1.1.3-1.el7?arch=x86_64&epoch=0&upstream=pmix-1.1.3-1.el7.src.rpm
hpc@hpc-collab_sbom.json,pkg:rpm/pmix-devel@1.1.3-1.el7?arch=x86_64&epoch=0&upstream=pmix-1.1.3-1.el7.src.rpm,failed to get coordinates from purl: pkg:rpm/pmix-devel@1.1.3-1.el7?arch=x86_64&epoch=0&upstream=pmix-1.1.3-1.el7.src.rpm
hpc@hpc-collab_sbom.json,pkg:rpm/pmix-devel@1.1.3-1.el7?arch=x86_64&epoch=0&upstream=pmix-1.1.3-1.el7.src.rpm,failed to get coordinates from purl: pkg:rpm/pmix-devel@1.1.3-1.el7?arch=x86_64&epoch=0&upstream=pmix-1.1.3-1.el7.src.rpm
hpc@hpc-collab_sbom.json,pkg:rpm/policycoreutils-python@2.5-34.el7?arch=x86_64&epoch=0&upstream=policycoreutils-2.5-34.el7.src.rpm,failed to get coordinates from purl: pkg:rpm/policycoreutils-python@2.5-34.el7?arch=x86_64&epoch=0&upstream=policycoreutils-2.5-34.el7.src.rpm
hpc@hpc-collab_sbom.json,pkg:rpm/pygobject2@2.28.6-11.el7?arch=x86_64&epoch=0&upstream=pygobject2-2.28.6-11.el7.src.rpm,failed to get coordinates from purl: pkg:rpm/pygobject2@2.28.6-11.el7?arch=x86_64&epoch=0&upstream=pygobject2-2.28.6-11.el7.src.rpm
hpc@hpc-collab_sbom.json,pkg:rpm/python-collectd_systemd-selinux@0.0.1-0.8.20181018git212cb79.el7?arch=noarch&epoch=0&upstream=python-collectd_systemd-0.0.1-0.8.20181018git212cb79.el7.src.rpm,failed to get coordinates from purl: pkg:rpm/python-collectd_systemd-selinux@0.0.1-0.8.20181018git212cb79.el7?arch=noarch&epoch=0&upstream=python-collectd_systemd-0.0.1-0.8.20181018git212cb79.el7.src.rpm
hpc@hpc-collab_sbom.json,pkg:rpm/python-collectd_systemd-selinux@0.0.1-0.8.20181018git212cb79.el7?arch=noarch&epoch=0&upstream=python-collectd_systemd-0.0.1-0.8.20181018git212cb79.el7.src.rpm,failed to get coordinates from purl: pkg:rpm/python-collectd_systemd-selinux@0.0.1-0.8.20181018git212cb79.el7?arch=noarch&epoch=0&upstream=python-collectd_systemd-0.0.1-0.8.20181018git212cb79.el7.src.rpm
hpc@hpc-collab_sbom.json,pkg:rpm/python-collectd_systemd-selinux@0.0.1-0.8.20181018git212cb79.el7?arch=noarch&epoch=0&upstream=python-collectd_systemd-0.0.1-0.8.20181018git212cb79.el7.src.rpm,failed to get coordinates from purl: pkg:rpm/python-collectd_systemd-selinux@0.0.1-0.8.20181018git212cb79.el7?arch=noarch&epoch=0&upstream=python-collectd_systemd-0.0.1-0.8.20181018git212cb79.el7.src.rpm
hpc@hpc-collab_sbom.json,pkg:rpm/python-collectd_systemd-selinux@0.0.1-0.8.20181018git212cb79.el7?arch=noarch&epoch=0&upstream=python-collectd_systemd-0.0.1-0.8.20181018git212cb79.el7.src.rpm,failed to get coordinates from purl: pkg:rpm/python-collectd_systemd-selinux@0.0.1-0.8.20181018git212cb79.el7?arch=noarch&epoch=0&upstream=python-collectd_systemd-0.0.1-0.8.20181018git212cb79.el7.src.rpm
hpc@hpc-collab_sbom.json,pkg:rpm/python2-clustershell@1.8.3-1.el7?arch=noarch&epoch=0&upstream=clustershell-1.8.3-1.el7.src.rpm,failed to get coordinates from purl: pkg:rpm/python2-clustershell@1.8.3-1.el7?arch=noarch&epoch=0&upstream=clustershell-1.8.3-1.el7.src.rpm
hpc@hpc-collab_sbom.json,pkg:rpm/python2-clustershell@1.8.3-1.el7?arch=noarch&epoch=0&upstream=clustershell-1.8.3-1.el7.src.rpm,failed to get coordinates from purl: pkg:rpm/python2-clustershell@1.8.3-1.el7?arch=noarch&epoch=0&upstream=clustershell-1.8.3-1.el7.src.rpm
hpc@hpc-collab_sbom.json,pkg:rpm/python2-clustershell@1.8.3-1.el7?arch=noarch&epoch=0&upstream=clustershell-1.8.3-1.el7.src.rpm,failed to get coordinates from purl: pkg:rpm/python2-clustershell@1.8.3-1.el7?arch=noarch&epoch=0&upstream=clustershell-1.8.3-1.el7.src.rpm
hpc@hpc-collab_sbom.json,pkg:rpm/python2-clustershell@1.8.3-1.el7?arch=noarch&epoch=0&upstream=clustershell-1.8.3-1.el7.src.rpm,failed to get coordinates from purl: pkg:rpm/python2-clustershell@1.8.3-1.el7?arch=noarch&epoch=0&upstream=clustershell-1.8.3-1.el7.src.rpm
hpc@hpc-collab_sbom.json,pkg:rpm/python2-clustershell@1.8.3-1.el7?arch=noarch&epoch=0&upstream=clustershell-1.8.3-1.el7.src.rpm,failed to get coordinates from purl: pkg:rpm/python2-clustershell@1.8.3-1.el7?arch=noarch&epoch=0&upstream=clustershell-1.8.3-1.el7.src.rpm
hpc@hpc-collab_sbom.json,pkg:rpm/python2-pip@8.1.2-12.el7?arch=noarch&epoch=0&upstream=python-pip-epel-8.1.2-12.el7.src.rpm,failed to get coordinates from purl: pkg:rpm/python2-pip@8.1.2-12.el7?arch=noarch&epoch=0&upstream=python-pip-epel-8.1.2-12.el7.src.rpm
hpc@hpc-collab_sbom.json,pkg:rpm/python2-pip@8.1.2-12.el7?arch=noarch&epoch=0&upstream=python-pip-epel-8.1.2-12.el7.src.rpm,failed to get coordinates from purl: pkg:rpm/python2-pip@8.1.2-12.el7?arch=noarch&epoch=0&upstream=python-pip-epel-8.1.2-12.el7.src.rpm
hpc@hpc-collab_sbom.json,pkg:rpm/python2-pip@8.1.2-12.el7?arch=noarch&epoch=0&upstream=python-pip-epel-8.1.2-12.el7.src.rpm,failed to get coordinates from purl: pkg:rpm/python2-pip@8.1.2-12.el7?arch=noarch&epoch=0&upstream=python-pip-epel-8.1.2-12.el7.src.rpm
hpc@hpc-collab_sbom.json,pkg:rpm/python2-pip@8.1.2-12.el7?arch=noarch&epoch=0&upstream=python-pip-epel-8.1.2-12.el7.src.rpm,failed to get coordinates from purl: pkg:rpm/python2-pip@8.1.2-12.el7?arch=noarch&epoch=0&upstream=python-pip-epel-8.1.2-12.el7.src.rpm
hpc@hpc-collab_sbom.json,pkg:rpm/python2-pip@8.1.2-12.el7?arch=noarch&epoch=0&upstream=python-pip-epel-8.1.2-12.el7.src.rpm,failed to get coordinates from purl: pkg:rpm/python2-pip@8.1.2-12.el7?arch=noarch&epoch=0&upstream=python-pip-epel-8.1.2-12.el7.src.rpm
hpc@hpc-collab_sbom.json,pkg:rpm/python2-pip@8.1.2-12.el7?arch=noarch&epoch=0&upstream=python-pip-epel-8.1.2-12.el7.src.rpm,failed to get coordinates from purl: pkg:rpm/python2-pip@8.1.2-12.el7?arch=noarch&epoch=0&upstream=python-pip-epel-8.1.2-12.el7.src.rpm
hpc@hpc-collab_sbom.json,pkg:rpm/python2-pip@8.1.2-12.el7?arch=noarch&epoch=0&upstream=python-pip-epel-8.1.2-12.el7.src.rpm,failed to get coordinates from purl: pkg:rpm/python2-pip@8.1.2-12.el7?arch=noarch&epoch=0&upstream=python-pip-epel-8.1.2-12.el7.src.rpm
hpc@hpc-collab_sbom.json,pkg:rpm/quota@4.01-19.el7?arch=x86_64&epoch=1&upstream=quota-4.01-19.el7.src.rpm,failed to get coordinates from purl: pkg:rpm/quota@4.01-19.el7?arch=x86_64&epoch=1&upstream=quota-4.01-19.el7.src.rpm
hpc@hpc-collab_sbom.json,pkg:rpm/quota-nls@4.01-19.el7?arch=noarch&epoch=1&upstream=quota-4.01-19.el7.src.rpm,failed to get coordinates from purl: pkg:rpm/quota-nls@4.01-19.el7?arch=noarch&epoch=1&upstream=quota-4.01-19.el7.src.rpm
hpc@hpc-collab_sbom.json,pkg:rpm/setools-console@3.3.8-4.el7?arch=x86_64&epoch=0&upstream=setools-3.3.8-4.el7.src.rpm,failed to get coordinates from purl: pkg:rpm/setools-console@3.3.8-4.el7?arch=x86_64&epoch=0&upstream=setools-3.3.8-4.el7.src.rpm
hpc@hpc-collab_sbom.json,pkg:rpm/setools-libs@3.3.8-4.el7?arch=x86_64&epoch=0&upstream=setools-3.3.8-4.el7.src.rpm,failed to get coordinates from purl: pkg:rpm/setools-libs@3.3.8-4.el7?arch=x86_64&epoch=0&upstream=setools-3.3.8-4.el7.src.rpm
hpc@hpc-collab_sbom.json,pkg:rpm/slurm@19.05.5-1.el7?arch=x86_64&epoch=0&upstream=slurm-19.05.5-1.el7.src.rpm,failed to get coordinates from purl: pkg:rpm/slurm@19.05.5-1.el7?arch=x86_64&epoch=0&upstream=slurm-19.05.5-1.el7.src.rpm
hpc@hpc-collab_sbom.json,pkg:rpm/slurm-contribs@19.05.5-1.el7?arch=x86_64&epoch=0&upstream=slurm-19.05.5-1.el7.src.rpm,failed to get coordinates from purl: pkg:rpm/slurm-contribs@19.05.5-1.el7?arch=x86_64&epoch=0&upstream=slurm-19.05.5-1.el7.src.rpm
hpc@hpc-collab_sbom.json,pkg:rpm/slurm-devel@19.05.5-1.el7?arch=x86_64&epoch=0&upstream=slurm-19.05.5-1.el7.src.rpm,failed to get coordinates from purl: pkg:rpm/slurm-devel@19.05.5-1.el7?arch=x86_64&epoch=0&upstream=slurm-19.05.5-1.el7.src.rpm
hpc@hpc-collab_sbom.json,pkg:rpm/slurm-example-configs@19.05.5-1.el7?arch=x86_64&epoch=0&upstream=slurm-19.05.5-1.el7.src.rpm,failed to get coordinates from purl: pkg:rpm/slurm-example-configs@19.05.5-1.el7?arch=x86_64&epoch=0&upstream=slurm-19.05.5-1.el7.src.rpm
hpc@hpc-collab_sbom.json,pkg:rpm/slurm-libpmi@19.05.5-1.el7?arch=x86_64&epoch=0&upstream=slurm-19.05.5-1.el7.src.rpm,failed to get coordinates from purl: pkg:rpm/slurm-libpmi@19.05.5-1.el7?arch=x86_64&epoch=0&upstream=slurm-19.05.5-1.el7.src.rpm
hpc@hpc-collab_sbom.json,pkg:rpm/slurm-openlava@19.05.5-1.el7?arch=x86_64&epoch=0&upstream=slurm-19.05.5-1.el7.src.rpm,failed to get coordinates from purl: pkg:rpm/slurm-openlava@19.05.5-1.el7?arch=x86_64&epoch=0&upstream=slurm-19.05.5-1.el7.src.rpm
hpc@hpc-collab_sbom.json,pkg:rpm/slurm-pam_slurm@19.05.5-1.el7?arch=x86_64&epoch=0&upstream=slurm-19.05.5-1.el7.src.rpm,failed to get coordinates from purl: pkg:rpm/slurm-pam_slurm@19.05.5-1.el7?arch=x86_64&epoch=0&upstream=slurm-19.05.5-1.el7.src.rpm
hpc@hpc-collab_sbom.json,pkg:rpm/slurm-perlapi@19.05.5-1.el7?arch=x86_64&epoch=0&upstream=slurm-19.05.5-1.el7.src.rpm,failed to get coordinates from purl: pkg:rpm/slurm-perlapi@19.05.5-1.el7?arch=x86_64&epoch=0&upstream=slurm-19.05.5-1.el7.src.rpm
hpc@hpc-collab_sbom.json,pkg:rpm/slurm-slurmctld@19.05.5-1.el7?arch=x86_64&epoch=0&upstream=slurm-19.05.5-1.el7.src.rpm,failed to get coordinates from purl: pkg:rpm/slurm-slurmctld@19.05.5-1.el7?arch=x86_64&epoch=0&upstream=slurm-19.05.5-1.el7.src.rpm
hpc@hpc-collab_sbom.json,pkg:rpm/slurm-slurmd@19.05.5-1.el7?arch=x86_64&epoch=0&upstream=slurm-19.05.5-1.el7.src.rpm,failed to get coordinates from purl: pkg:rpm/slurm-slurmd@19.05.5-1.el7?arch=x86_64&epoch=0&upstream=slurm-19.05.5-1.el7.src.rpm
hpc@hpc-collab_sbom.json,pkg:rpm/slurm-slurmdbd@19.05.5-1.el7?arch=x86_64&epoch=0&upstream=slurm-19.05.5-1.el7.src.rpm,failed to get coordinates from purl: pkg:rpm/slurm-slurmdbd@19.05.5-1.el7?arch=x86_64&epoch=0&upstream=slurm-19.05.5-1.el7.src.rpm
hpc@hpc-collab_sbom.json,pkg:rpm/slurm-torque@19.05.5-1.el7?arch=x86_64&epoch=0&upstream=slurm-19.05.5-1.el7.src.rpm,failed to get coordinates from purl: pkg:rpm/slurm-torque@19.05.5-1.el7?arch=x86_64&epoch=0&upstream=slurm-19.05.5-1.el7.src.rpm
hpc@hpc-collab_sbom.json,pkg:rpm/traceroute@2.0.22-2.el7?arch=x86_64&epoch=3&upstream=traceroute-2.0.22-2.el7.src.rpm,failed to get coordinates from purl: pkg:rpm/traceroute@2.0.22-2.el7?arch=x86_64&epoch=3&upstream=traceroute-2.0.22-2.el7.src.rpm
hpc@hpc-collab_sbom.json,pkg:rpm/whatsup@1.14-9.el7?arch=x86_64&epoch=0&upstream=whatsup-1.14-9.el7.src.rpm,failed to get coordinates from purl: pkg:rpm/whatsup@1.14-9.el7?arch=x86_64&epoch=0&upstream=whatsup-1.14-9.el7.src.rpm
hpc@hpc-collab_sbom.json,pkg:rpm/whatsup@1.14-9.el7?arch=x86_64&epoch=0&upstream=whatsup-1.14-9.el7.src.rpm,failed to get coordinates from purl: pkg:rpm/whatsup@1.14-9.el7?arch=x86_64&epoch=0&upstream=whatsup-1.14-9.el7.src.rpm
hpc@hpc-collab_sbom.json,pkg:rpm/whatsup@1.14-9.el7?arch=x86_64&epoch=0&upstream=whatsup-1.14-9.el7.src.rpm,failed to get coordinates from purl: pkg:rpm/whatsup@1.14-9.el7?arch=x86_64&epoch=0&upstream=whatsup-1.14-9.el7.src.rpm
hpc@hpc-collab_sbom.json,pkg:rpm/whatsup@1.14-9.el7?arch=x86_64&epoch=0&upstream=whatsup-1.14-9.el7.src.rpm,failed to get coordinates from purl: pkg:rpm/whatsup@1.14-9.el7?arch=x86_64&epoch=0&upstream=whatsup-1.14-9.el7.src.rpm
hpc@hpc-collab_sbom.json,pkg:rpm/whatsup@1.14-9.el7?arch=x86_64&epoch=0&upstream=whatsup-1.14-9.el7.src.rpm,failed to get coordinates from purl: pkg:rpm/whatsup@1.14-9.el7?arch=x86_64&epoch=0&upstream=whatsup-1.14-9.el7.src.rpm
hpc@hpc-collab_sbom.json,pkg:rpm/whatsup@1.14-9.el7?arch=x86_64&epoch=0&upstream=whatsup-1.14-9.el7.src.rpm,failed to get coordinates from purl: pkg:rpm/whatsup@1.14-9.el7?arch=x86_64&epoch=0&upstream=whatsup-1.14-9.el7.src.rpm
hpc@hpc-collab_sbom.json,pkg:rpm/whatsup@1.14-9.el7?arch=x86_64&epoch=0&upstream=whatsup-1.14-9.el7.src.rpm,failed to get coordinates from purl: pkg:rpm/whatsup@1.14-9.el7?arch=x86_64&epoch=0&upstream=whatsup-1.14-9.el7.src.rpm
hpc@hpc-collab_sbom.json,pkg:rpm/yajl@2.0.4-4.el7?arch=x86_64&epoch=0&upstream=yajl-2.0.4-4.el7.src.rpm,failed to get coordinates from purl: pkg:rpm/yajl@2.0.4-4.el7?arch=x86_64&epoch=0&upstream=yajl-2.0.4-4.el7.src.rpm
hpc@mpifileutils_sbom.json,,no components
hpc@rma-m_sbom.json,,no components
hpc@shasta_wrapper_sbom.json,,no components
hpcgroup@AriesNCL_sbom.json,,no components
hpcgroup@BGQNCL_sbom.json,,no components
hpcgroup@TraceR_sbom.json,,no components
hpcgroup@chatterbu_sbom.json,,no components
hpcgroup@damselfly_sbom.json,,no components
hpcgroup@graphator_sbom.json,,no components
hudehong@flifish_sbom.json,,no components
hyiprc@3D-CDI-NN_sbom.json,,no components
hypre-space@hypre_sbom.json,,no components
hypre-space@hypredrive_sbom.json,,no components
ibpsa@modelica-ibpsa-mpc_sbom.json,,no components
idaholab@CMIP_sbom.json,,no components
idaholab@Caldera_Grid_sbom.json,,no components
idaholab@Code_Generator_sbom.json,,no components
idaholab@DIAMOND_sbom.json,,no components
idaholab@Deep-Lynx-Python-Package_sbom.json,,no components
idaholab@Enhanced_STIX_Elevator_sbom.json,,no components
idaholab@FieLDS_sbom.json,,no components
idaholab@GEM_sbom.json,,no components
idaholab@General-Simulator-Intermediary_sbom.json,,no components
idaholab@GranularFlowModels_sbom.json,,no components
idaholab@HPC_Job_Tracker_sbom.json,,no components
idaholab@HPC_OOD_Cha_sbom.json,,no components
idaholab@HPC_OOD_sbom.json,,no components
idaholab@HYBRID_sbom.json,,no components
idaholab@Inges_sbom.json,pkg:hex/argon2_elixir@4.1.0,failed to get coordinates from purl: pkg:hex/argon2_elixir@4.1.0
idaholab@Inges_sbom.json,pkg:hex/aws_signature@0.3.3,failed to get coordinates from purl: pkg:hex/aws_signature@0.3.3
idaholab@Inges_sbom.json,pkg:hex/backpex@0.9.1,failed to get coordinates from purl: pkg:hex/backpex@0.9.1
idaholab@Inges_sbom.json,pkg:hex/bandit@1.6.5,failed to get coordinates from purl: pkg:hex/bandit@1.6.5
idaholab@Inges_sbom.json,pkg:hex/bodyguard@2.4.3,failed to get coordinates from purl: pkg:hex/bodyguard@2.4.3
idaholab@Inges_sbom.json,pkg:hex/bunt@1.0.0,failed to get coordinates from purl: pkg:hex/bunt@1.0.0
idaholab@Inges_sbom.json,pkg:hex/bunt@1.0.0,failed to get coordinates from purl: pkg:hex/bunt@1.0.0
idaholab@Inges_sbom.json,pkg:hex/cachex@3.6.0,failed to get coordinates from purl: pkg:hex/cachex@3.6.0
idaholab@Inges_sbom.json,pkg:hex/castore@1.0.11,failed to get coordinates from purl: pkg:hex/castore@1.0.11
idaholab@Inges_sbom.json,pkg:hex/castore@1.0.8,failed to get coordinates from purl: pkg:hex/castore@1.0.8
idaholab@Inges_sbom.json,pkg:hex/cc_precompiler@0.1.10,failed to get coordinates from purl: pkg:hex/cc_precompiler@0.1.10
idaholab@Inges_sbom.json,pkg:hex/certifi@2.12.0,failed to get coordinates from purl: pkg:hex/certifi@2.12.0
idaholab@Inges_sbom.json,pkg:hex/cloak@1.1.4,failed to get coordinates from purl: pkg:hex/cloak@1.1.4
idaholab@Inges_sbom.json,pkg:hex/cloak_ecto@1.3.0,failed to get coordinates from purl: pkg:hex/cloak_ecto@1.3.0
idaholab@Inges_sbom.json,pkg:hex/combine@0.10.0,failed to get coordinates from purl: pkg:hex/combine@0.10.0
idaholab@Inges_sbom.json,pkg:hex/comeonin@5.5.0,failed to get coordinates from purl: pkg:hex/comeonin@5.5.0
idaholab@Inges_sbom.json,pkg:hex/cowboy@2.12.0,failed to get coordinates from purl: pkg:hex/cowboy@2.12.0
idaholab@Inges_sbom.json,pkg:hex/cowboy_telemetry@0.4.0,failed to get coordinates from purl: pkg:hex/cowboy_telemetry@0.4.0
idaholab@Inges_sbom.json,pkg:hex/cowlib@2.13.0,failed to get coordinates from purl: pkg:hex/cowlib@2.13.0
idaholab@Inges_sbom.json,pkg:hex/credo@1.7.11,failed to get coordinates from purl: pkg:hex/credo@1.7.11
idaholab@Inges_sbom.json,pkg:hex/credo@1.7.7,failed to get coordinates from purl: pkg:hex/credo@1.7.7
idaholab@Inges_sbom.json,pkg:hex/db_connection@2.7.0,failed to get coordinates from purl: pkg:hex/db_connection@2.7.0
idaholab@Inges_sbom.json,pkg:hex/decimal@2.3.0,failed to get coordinates from purl: pkg:hex/decimal@2.3.0
idaholab@Inges_sbom.json,pkg:hex/dns_cluster@0.1.3,failed to get coordinates from purl: pkg:hex/dns_cluster@0.1.3
idaholab@Inges_sbom.json,pkg:hex/earmark@1.4.47,failed to get coordinates from purl: pkg:hex/earmark@1.4.47
idaholab@Inges_sbom.json,pkg:hex/earmark_parser@1.4.39,failed to get coordinates from purl: pkg:hex/earmark_parser@1.4.39
idaholab@Inges_sbom.json,pkg:hex/ecto@3.12.5,failed to get coordinates from purl: pkg:hex/ecto@3.12.5
idaholab@Inges_sbom.json,pkg:hex/ecto_sql@3.12.1,failed to get coordinates from purl: pkg:hex/ecto_sql@3.12.1
idaholab@Inges_sbom.json,pkg:hex/ecto_sqlite3@0.17.6,failed to get coordinates from purl: pkg:hex/ecto_sqlite3@0.17.6
idaholab@Inges_sbom.json,pkg:hex/ecto_sqlite3_extras@1.2.2,failed to get coordinates from purl: pkg:hex/ecto_sqlite3_extras@1.2.2
idaholab@Inges_sbom.json,pkg:hex/elixir_make@0.9.0,failed to get coordinates from purl: pkg:hex/elixir_make@0.9.0
idaholab@Inges_sbom.json,pkg:hex/elixir_uuid@1.2.1,failed to get coordinates from purl: pkg:hex/elixir_uuid@1.2.1
idaholab@Inges_sbom.json,pkg:hex/elixir_uuid@1.2.1,failed to get coordinates from purl: pkg:hex/elixir_uuid@1.2.1
idaholab@Inges_sbom.json,pkg:hex/error_tracker@0.5.1,failed to get coordinates from purl: pkg:hex/error_tracker@0.5.1
idaholab@Inges_sbom.json,pkg:hex/esbuild@0.8.2,failed to get coordinates from purl: pkg:hex/esbuild@0.8.2
idaholab@Inges_sbom.json,pkg:hex/eternal@1.2.2,failed to get coordinates from purl: pkg:hex/eternal@1.2.2
idaholab@Inges_sbom.json,pkg:hex/ex_aws@2.5.8,failed to get coordinates from purl: pkg:hex/ex_aws@2.5.8
idaholab@Inges_sbom.json,pkg:hex/ex_aws_s3@2.5.6,failed to get coordinates from purl: pkg:hex/ex_aws_s3@2.5.6
idaholab@Inges_sbom.json,pkg:hex/ex_doc@0.34.1,failed to get coordinates from purl: pkg:hex/ex_doc@0.34.1
idaholab@Inges_sbom.json,pkg:hex/explorer@0.10.1,failed to get coordinates from purl: pkg:hex/explorer@0.10.1
idaholab@Inges_sbom.json,pkg:hex/expo@1.1.0,failed to get coordinates from purl: pkg:hex/expo@1.1.0
idaholab@Inges_sbom.json,pkg:hex/exqlite@0.27.1,failed to get coordinates from purl: pkg:hex/exqlite@0.27.1
idaholab@Inges_sbom.json,pkg:hex/file_system@1.0.0,failed to get coordinates from purl: pkg:hex/file_system@1.0.0
idaholab@Inges_sbom.json,pkg:hex/file_system@1.1.0,failed to get coordinates from purl: pkg:hex/file_system@1.1.0
idaholab@Inges_sbom.json,pkg:hex/finch@0.18.0,failed to get coordinates from purl: pkg:hex/finch@0.18.0
idaholab@Inges_sbom.json,pkg:hex/finch@0.19.0,failed to get coordinates from purl: pkg:hex/finch@0.19.0
idaholab@Inges_sbom.json,pkg:hex/floki@0.37.0,failed to get coordinates from purl: pkg:hex/floki@0.37.0
idaholab@Inges_sbom.json,pkg:hex/fss@0.1.1,failed to get coordinates from purl: pkg:hex/fss@0.1.1
idaholab@Inges_sbom.json,pkg:hex/gen_smtp@1.2.0,failed to get coordinates from purl: pkg:hex/gen_smtp@1.2.0
idaholab@Inges_sbom.json,pkg:hex/gettext@0.26.2,failed to get coordinates from purl: pkg:hex/gettext@0.26.2
idaholab@Inges_sbom.json,pkg:hex/hackney@1.20.1,failed to get coordinates from purl: pkg:hex/hackney@1.20.1
idaholab@Inges_sbom.json,pkg:hex/heroicons@%2F%2Fgithub.com%2Ftailwindlabs%2Fheroicons.git,failed to get coordinates from purl: pkg:hex/heroicons@%2F%2Fgithub.com%2Ftailwindlabs%2Fheroicons.git
idaholab@Inges_sbom.json,pkg:hex/hpax@1.0.0,failed to get coordinates from purl: pkg:hex/hpax@1.0.0
idaholab@Inges_sbom.json,pkg:hex/hpax@1.0.2,failed to get coordinates from purl: pkg:hex/hpax@1.0.2
idaholab@Inges_sbom.json,pkg:hex/idna@6.1.1,failed to get coordinates from purl: pkg:hex/idna@6.1.1
idaholab@Inges_sbom.json,pkg:hex/jason@1.4.3,failed to get coordinates from purl: pkg:hex/jason@1.4.3
idaholab@Inges_sbom.json,pkg:hex/jason@1.4.4,failed to get coordinates from purl: pkg:hex/jason@1.4.4
idaholab@Inges_sbom.json,pkg:hex/jose@1.11.10,failed to get coordinates from purl: pkg:hex/jose@1.11.10
idaholab@Inges_sbom.json,pkg:hex/jumper@1.0.2,failed to get coordinates from purl: pkg:hex/jumper@1.0.2
idaholab@Inges_sbom.json,pkg:hex/makeup@1.1.2,failed to get coordinates from purl: pkg:hex/makeup@1.1.2
idaholab@Inges_sbom.json,pkg:hex/makeup_elixir@0.16.2,failed to get coordinates from purl: pkg:hex/makeup_elixir@0.16.2
idaholab@Inges_sbom.json,pkg:hex/makeup_erlang@1.0.0,failed to get coordinates from purl: pkg:hex/makeup_erlang@1.0.0
idaholab@Inges_sbom.json,pkg:hex/metrics@1.0.1,failed to get coordinates from purl: pkg:hex/metrics@1.0.1
idaholab@Inges_sbom.json,pkg:hex/mime@2.0.6,failed to get coordinates from purl: pkg:hex/mime@2.0.6
idaholab@Inges_sbom.json,pkg:hex/mime@2.0.6,failed to get coordinates from purl: pkg:hex/mime@2.0.6
idaholab@Inges_sbom.json,pkg:hex/mimerl@1.3.0,failed to get coordinates from purl: pkg:hex/mimerl@1.3.0
idaholab@Inges_sbom.json,pkg:hex/mint@1.6.2,failed to get coordinates from purl: pkg:hex/mint@1.6.2
idaholab@Inges_sbom.json,pkg:hex/mint@1.6.2,failed to get coordinates from purl: pkg:hex/mint@1.6.2
idaholab@Inges_sbom.json,pkg:hex/mix_audit@2.1.4,failed to get coordinates from purl: pkg:hex/mix_audit@2.1.4
idaholab@Inges_sbom.json,pkg:hex/money@1.13.1,failed to get coordinates from purl: pkg:hex/money@1.13.1
idaholab@Inges_sbom.json,pkg:hex/nimble_options@1.1.1,failed to get coordinates from purl: pkg:hex/nimble_options@1.1.1
idaholab@Inges_sbom.json,pkg:hex/nimble_options@1.1.1,failed to get coordinates from purl: pkg:hex/nimble_options@1.1.1
idaholab@Inges_sbom.json,pkg:hex/nimble_ownership@0.3.1,failed to get coordinates from purl: pkg:hex/nimble_ownership@0.3.1
idaholab@Inges_sbom.json,pkg:hex/nimble_parsec@1.4.0,failed to get coordinates from purl: pkg:hex/nimble_parsec@1.4.0
idaholab@Inges_sbom.json,pkg:hex/nimble_pool@1.1.0,failed to get coordinates from purl: pkg:hex/nimble_pool@1.1.0
idaholab@Inges_sbom.json,pkg:hex/nimble_pool@1.1.0,failed to get coordinates from purl: pkg:hex/nimble_pool@1.1.0
idaholab@Inges_sbom.json,pkg:hex/number@1.0.5,failed to get coordinates from purl: pkg:hex/number@1.0.5
idaholab@Inges_sbom.json,pkg:hex/oban@2.19.0,failed to get coordinates from purl: pkg:hex/oban@2.19.0
idaholab@Inges_sbom.json,pkg:hex/oban_met@1.0.1,failed to get coordinates from purl: pkg:hex/oban_met@1.0.1
idaholab@Inges_sbom.json,pkg:hex/oban_web@2.11.0,failed to get coordinates from purl: pkg:hex/oban_web@2.11.0
idaholab@Inges_sbom.json,pkg:hex/oidcc@3.2.6,failed to get coordinates from purl: pkg:hex/oidcc@3.2.6
idaholab@Inges_sbom.json,pkg:hex/parse_trans@3.4.1,failed to get coordinates from purl: pkg:hex/parse_trans@3.4.1
idaholab@Inges_sbom.json,pkg:hex/phoenix@1.7.18,failed to get coordinates from purl: pkg:hex/phoenix@1.7.18
idaholab@Inges_sbom.json,pkg:hex/phoenix_ecto@4.6.3,failed to get coordinates from purl: pkg:hex/phoenix_ecto@4.6.3
idaholab@Inges_sbom.json,pkg:hex/phoenix_html@4.1.1,failed to get coordinates from purl: pkg:hex/phoenix_html@4.1.1
idaholab@Inges_sbom.json,pkg:hex/phoenix_html_helpers@1.0.1,failed to get coordinates from purl: pkg:hex/phoenix_html_helpers@1.0.1
idaholab@Inges_sbom.json,pkg:hex/phoenix_live_dashboard@0.8.6,failed to get coordinates from purl: pkg:hex/phoenix_live_dashboard@0.8.6
idaholab@Inges_sbom.json,pkg:hex/phoenix_live_reload@1.5.3,failed to get coordinates from purl: pkg:hex/phoenix_live_reload@1.5.3
idaholab@Inges_sbom.json,pkg:hex/phoenix_live_view@1.0.2,failed to get coordinates from purl: pkg:hex/phoenix_live_view@1.0.2
idaholab@Inges_sbom.json,pkg:hex/phoenix_pubsub@2.1.3,failed to get coordinates from purl: pkg:hex/phoenix_pubsub@2.1.3
idaholab@Inges_sbom.json,pkg:hex/phoenix_template@1.0.4,failed to get coordinates from purl: pkg:hex/phoenix_template@1.0.4
idaholab@Inges_sbom.json,pkg:hex/plug@1.16.1,failed to get coordinates from purl: pkg:hex/plug@1.16.1
idaholab@Inges_sbom.json,pkg:hex/plug_cowboy@2.7.2,failed to get coordinates from purl: pkg:hex/plug_cowboy@2.7.2
idaholab@Inges_sbom.json,pkg:hex/plug_crypto@2.1.0,failed to get coordinates from purl: pkg:hex/plug_crypto@2.1.0
idaholab@Inges_sbom.json,pkg:hex/postgrex@0.19.3,failed to get coordinates from purl: pkg:hex/postgrex@0.19.3
idaholab@Inges_sbom.json,pkg:hex/ranch@1.8.0,failed to get coordinates from purl: pkg:hex/ranch@1.8.0
idaholab@Inges_sbom.json,pkg:hex/req@0.5.2,failed to get coordinates from purl: pkg:hex/req@0.5.2
idaholab@Inges_sbom.json,pkg:hex/req@0.5.8,failed to get coordinates from purl: pkg:hex/req@0.5.8
idaholab@Inges_sbom.json,pkg:hex/rustler@0.35.1,failed to get coordinates from purl: pkg:hex/rustler@0.35.1
idaholab@Inges_sbom.json,pkg:hex/rustler_precompiled@0.8.2,failed to get coordinates from purl: pkg:hex/rustler_precompiled@0.8.2
idaholab@Inges_sbom.json,pkg:hex/sleeplocks@1.1.3,failed to get coordinates from purl: pkg:hex/sleeplocks@1.1.3
idaholab@Inges_sbom.json,pkg:hex/slugify@1.3.1,failed to get coordinates from purl: pkg:hex/slugify@1.3.1
idaholab@Inges_sbom.json,pkg:hex/sobelow@0.13.0,failed to get coordinates from purl: pkg:hex/sobelow@0.13.0
idaholab@Inges_sbom.json,pkg:hex/ssl_verify_fun@1.1.7,failed to get coordinates from purl: pkg:hex/ssl_verify_fun@1.1.7
idaholab@Inges_sbom.json,pkg:hex/sweet_xml@0.7.4,failed to get coordinates from purl: pkg:hex/sweet_xml@0.7.4
idaholab@Inges_sbom.json,pkg:hex/sweet_xml@0.7.5,failed to get coordinates from purl: pkg:hex/sweet_xml@0.7.5
idaholab@Inges_sbom.json,pkg:hex/swoosh@1.17.6,failed to get coordinates from purl: pkg:hex/swoosh@1.17.6
idaholab@Inges_sbom.json,pkg:hex/table@0.1.2,failed to get coordinates from purl: pkg:hex/table@0.1.2
idaholab@Inges_sbom.json,pkg:hex/table_rex@4.0.0,failed to get coordinates from purl: pkg:hex/table_rex@4.0.0
idaholab@Inges_sbom.json,pkg:hex/tailwind@0.2.4,failed to get coordinates from purl: pkg:hex/tailwind@0.2.4
idaholab@Inges_sbom.json,pkg:hex/telemetry@1.2.1,failed to get coordinates from purl: pkg:hex/telemetry@1.2.1
idaholab@Inges_sbom.json,pkg:hex/telemetry@1.3.0,failed to get coordinates from purl: pkg:hex/telemetry@1.3.0
idaholab@Inges_sbom.json,pkg:hex/telemetry_metrics@1.0.0,failed to get coordinates from purl: pkg:hex/telemetry_metrics@1.0.0
idaholab@Inges_sbom.json,pkg:hex/telemetry_poller@1.1.0,failed to get coordinates from purl: pkg:hex/telemetry_poller@1.1.0
idaholab@Inges_sbom.json,pkg:hex/telemetry_registry@0.3.2,failed to get coordinates from purl: pkg:hex/telemetry_registry@0.3.2
idaholab@Inges_sbom.json,pkg:hex/thousand_island@1.3.9,failed to get coordinates from purl: pkg:hex/thousand_island@1.3.9
idaholab@Inges_sbom.json,pkg:hex/timex@3.7.11,failed to get coordinates from purl: pkg:hex/timex@3.7.11
idaholab@Inges_sbom.json,pkg:hex/toml@0.7.0,failed to get coordinates from purl: pkg:hex/toml@0.7.0
idaholab@Inges_sbom.json,pkg:hex/tzdata@1.1.2,failed to get coordinates from purl: pkg:hex/tzdata@1.1.2
idaholab@Inges_sbom.json,pkg:hex/unicode_util_compat@0.7.0,failed to get coordinates from purl: pkg:hex/unicode_util_compat@0.7.0
idaholab@Inges_sbom.json,pkg:hex/unsafe@1.0.2,failed to get coordinates from purl: pkg:hex/unsafe@1.0.2
idaholab@Inges_sbom.json,pkg:hex/websock@0.5.3,failed to get coordinates from purl: pkg:hex/websock@0.5.3
idaholab@Inges_sbom.json,pkg:hex/websock_adapter@0.5.8,failed to get coordinates from purl: pkg:hex/websock_adapter@0.5.8
idaholab@Inges_sbom.json,pkg:hex/yamerl@0.10.0,failed to get coordinates from purl: pkg:hex/yamerl@0.10.0
idaholab@Inges_sbom.json,pkg:hex/yaml_elixir@2.11.0,failed to get coordinates from purl: pkg:hex/yaml_elixir@2.11.0
idaholab@LIGGGHTS-INL_sbom.json,,no components
idaholab@LOGOS_sbom.json,,no components
idaholab@Location-Generalizer_sbom.json,,no components
idaholab@MURMUR_sbom.json,,no components
idaholab@NIHPA_sbom.json,,no components
idaholab@SPEMMCRA_sbom.json,,no components
idaholab@SPRITE_sbom.json,,no components
idaholab@STEM_sbom.json,,no components
idaholab@Saleae_Output_Parser_sbom.json,,no components
idaholab@TMAP8_sbom.json,,no components
idaholab@Topology_Generator_sbom.json,,no components
idaholab@WiiBin_sbom.json,,no components
idaholab@XFEMParaviewPlugin_sbom.json,,no components
idaholab@advcub_sbom.json,,no components
idaholab@air_sbom.json,,no components
idaholab@airflow-provider-deeplynx_sbom.json,,no components
idaholab@blackbear_sbom.json,,no components
idaholab@carbon_dioxide_sbom.json,,no components
idaholab@civet_example_recipes_sbom.json,,no components
idaholab@falcon_sbom.json,,no components
idaholab@helium_sbom.json,,no components
idaholab@hpcswtes_sbom.json,,no components
idaholab@isopod_sbom.json,,no components
idaholab@kugelpy_sbom.json,,no components
idaholab@labra_sbom.json,,no components
idaholab@macaw_sbom.json,,no components
idaholab@magpie_sbom.json,,no components
idaholab@malamute_sbom.json,,no components
idaholab@mastodon_sbom.json,,no components
idaholab@mytrim_sbom.json,,no components
idaholab@ncrc-clien_sbom.json,,no components
idaholab@nitrogen_sbom.json,,no components
idaholab@pika_sbom.json,,no components
idaholab@polyglo_sbom.json,,no components
idaholab@polyglot-libc_sbom.json,,no components
idaholab@potassium_sbom.json,,no components
idaholab@raven_sbom.json,,no components
idaholab@schematics_sbom.json,,no components
idaholab@sodium_sbom.json,,no components
idaholab@thermal_to_fusion_converter_sbom.json,,no components
iiasa@emissions_downscalin_sbom.json,,no components
informaticslab@ptt-advisor_sbom.json,,no components
informaticslab@zika-pregnancy-testin_sbom.json,,no components
informaticslab@zika-risk-assessmen_sbom.json,,no components
jacobhinkle@lagomorph_sbom.json,,no components
jailGroup@RangerBasediRF_sbom.json,,no components
jainmilan@transBEAM_sbom.json,,no components
jamienunez@cmaputil_sbom.json,,no components
jbforien@phaseCT_sbom.json,,no components
jeffdaily@pagoda_sbom.json,,no components
jeffhammond@oshmp_sbom.json,,no components
jeinstei@SPRFSim_sbom.json,,no components
jepowell-LANL@coar-notify-validator-inbox_sbom.json,,no components
jeshi96@arb-nucleus-decomp_sbom.json,,no components
jeshi96@parbutterfly_sbom.json,,no components
jesseYhWang@LLCGX_sbom.json,,no components
jghawaly@IEEE_Intro2ML_sbom.json,,no components
jhenderson88@Cygnus_sbom.json,,no components
jhorey@SpotHadoop_sbom.json,,no components
jjbuchanan@gp_blendclass_singleband_sbom.json,,no components
jjmckee@featureshif_sbom.json,,no components
jkwack@GAMESS_RI-MP2_MiniApp_sbom.json,,no components
jlothian@sysconfidence_sbom.json,,no components
jmcarter9t@route-sanitizer_sbom.json,,no components
jmlukens@BayesQuanTom_sbom.json,,no components
jmpearl@GaMA_sbom.json,,no components
jmrfox@spinbox_sbom.json,,no components
joepmorris@FatCrayonToolk_sbom.json,,no components
joncox123@Cortexsys_sbom.json,,no components
joncox123@GloveCpp_sbom.json,,no components
jongeunkim@STreCH_sbom.json,,no components
joornl@J1939-Decoder_sbom.json,,no components
jschen83@Multiscale-Bayesian-Integration_sbom.json,,no components
jshun@ligra_sbom.json,,no components
jsweaver@Spin_sbom.json,,no components
jt-lanl@acd_sbom.json,,no components
jt-lanl@blueha_sbom.json,,no components
jt-lanl@fever-probes_sbom.json,,no components
jtencer@PyNetUQ_sbom.json,,no components
jtjohnston@computational_combinatorics_sbom.json,,no components
justinatpnnl@splunk_web_transactions_generator_sbom.json,,no components
jvanvugt@pytorch-une_sbom.json,,no components
jwernicke@pathscan-splunk_sbom.json,,no components
karlkumbier@iRF2.0_sbom.json,,no components
kbase@KBaseDeveloperBootstrap_sbom.json,,no components
kbase@NarrativeViewers_sbom.json,,no components
kbase@assembly_ap_sbom.json,,no components
kbase@auth_sbom.json,,no components
kbase@check_mk_sbom.json,,no components
kbase@db_initialize_sbom.json,,no components
kbase@dockerize_sbom.json,,no components
kbase@exascale_data_sbom.json,,no components
kbase@kb_minideb_sbom.json,,no components
kbase@kb_perl_sbom.json,,no components
kbase@kbapi_common_sbom.json,,no components
kbase@kbase-cdn-js_sbom.json,,no components
kbase@kbase-common-js_sbom.json,,no components
kbase@kbase-ui-plugin-taxonomy_sbom.json,,no components
kbase@kbasedevopschallenge_sbom.json,,no components
kbase@narrative_method_specs_sbom.json,,no components
kbase@nginx_sbom.json,,no components
kbase@sdkbase2_sbom.json,,no components
kbaseapps@ARAST_SDK_sbom.json,,no components
kbaseapps@AlignmentSetEditor_sbom.json,,no components
kbaseapps@BBTools_sbom.json,,no components
kbaseapps@BiochemistryAPI_sbom.json,,no components
kbaseapps@BuildTestGenome_sbom.json,,no components
kbaseapps@COBRApyBasedFBA_sbom.json,,no components
kbaseapps@CircularGenomeAdvanced_sbom.json,,no components
kbaseapps@ConditionSetUtils_sbom.json,,no components
kbaseapps@ConditionUtils_sbom.json,,no components
kbaseapps@ContigFilter_sbom.json,,no components
kbaseapps@CoreServicesIntegrationTests_sbom.json,,no components
kbaseapps@DataPaletteService_sbom.json,,no components
kbaseapps@EditorApps_sbom.json,,no components
kbaseapps@ExampleWDL_sbom.json,,no components
kbaseapps@ExpressionAPI_sbom.json,,no components
kbaseapps@FakeObjectsForTests_sbom.json,,no components
kbaseapps@GeneOntologyDecorator_sbom.json,,no components
kbaseapps@GenericsIndexer_sbom.json,,no components
kbaseapps@GenericsUtil_sbom.json,,no components
kbaseapps@GenomeAnnotationFileUtil_sbom.json,,no components
kbaseapps@GenomeComparison_sbom.json,,no components
kbaseapps@GenomeProteomeComparison_sbom.json,,no components
kbaseapps@GenomeRepor_sbom.json,,no components
kbaseapps@GenomeSearchUtil_sbom.json,,no components
kbaseapps@GroupAPI_sbom.json,,no components
kbaseapps@HTMLFileSetUtils_sbom.json,,no components
kbaseapps@InterProScan_SDK_sbom.json,,no components
kbaseapps@KBaseReportPy_sbom.json,,no components
kbaseapps@KEAppExpressionBiclusters_sbom.json,,no components
kbaseapps@KEConnectorGenomeHomology_sbom.json,,no components
kbaseapps@MGLToolsUtil_sbom.json,,no components
kbaseapps@MSAUtils_sbom.json,,no components
kbaseapps@MetabolomicsTools_sbom.json,,no components
kbaseapps@MiscIndexer_sbom.json,,no components
kbaseapps@NarrativeDownloadSuppor_sbom.json,,no components
kbaseapps@PangenomeOrthomcl_sbom.json,,no components
kbaseapps@ProkkaAnnotation_sbom.json,,no components
kbaseapps@RAST_SDK_sbom.json,,no components
kbaseapps@RESKESearchDemo_sbom.json,,no components
kbaseapps@RastKmerV2_sbom.json,,no components
kbaseapps@ReadsAPI_sbom.json,,no components
kbaseapps@ReadsSetEditor_sbom.json,,no components
kbaseapps@ReferenceDataManager_sbom.json,,no components
kbaseapps@Roary_sbom.json,,no components
kbaseapps@RunTester_sbom.json,,no components
kbaseapps@TaxonomyTools_sbom.json,,no components
kbaseapps@TreeUtils_sbom.json,,no components
kbaseapps@biochem_modeling_ap_sbom.json,,no components
kbaseapps@coexpression_sbom.json,,no components
kbaseapps@fba_tools_sbom.json,,no components
kbaseapps@ftp_service_sbom.json,,no components
kbaseapps@gaprice_SPAdes_sbom.json,,no components
kbaseapps@gaprice_convert_assy_file_to_contigs_sbom.json,,no components
kbaseapps@genome_transform_sbom.json,,no components
kbaseapps@genomeset_indexer_sbom.json,,no components
kbaseapps@hayai_annotation_sbom.json,,no components
kbaseapps@jgi_gateway_sbom.json,,no components
kbaseapps@jgi_mg_assembly_sbom.json,,no components
kbaseapps@jgi_mg_assembly_wdl_sbom.json,,no components
kbaseapps@kb_A5_sbom.json,,no components
kbaseapps@kb_BatchApp_sbom.json,,no components
kbaseapps@kb_Bowtie2_sbom.json,,no components
kbaseapps@kb_DeconSeq_sbom.json,,no components
kbaseapps@kb_GenomeBrowser_sbom.json,,no components
kbaseapps@kb_GenomeIndexer_sbom.json,,no components
kbaseapps@kb_JobStats_sbom.json,,no components
kbaseapps@kb_MaSuRCA_sbom.json,,no components
kbaseapps@kb_Metrics_sbom.json,,no components
kbaseapps@kb_MiniASM_sbom.json,,no components
kbaseapps@kb_ModelIndexer_sbom.json,,no components
kbaseapps@kb_Msuite_sbom.json,,no components
kbaseapps@kb_PICRUSt2_sbom.json,,no components
kbaseapps@kb_PRINSEQ_sbom.json,,no components
kbaseapps@kb_RAST_sbom.json,,no components
kbaseapps@kb_RDP_Classifier_sbom.json,,no components
kbaseapps@kb_ReportMetrics_sbom.json,,no components
kbaseapps@kb_STAR_sbom.json,,no components
kbaseapps@kb_SparCC_sbom.json,,no components
kbaseapps@kb_Velve_sbom.json,,no components
kbaseapps@kb_assembly_compare_sbom.json,,no components
kbaseapps@kb_ballgown_sbom.json,,no components
kbaseapps@kb_bfc_sbom.json,,no components
kbaseapps@kb_clusterin_sbom.json,,no components
kbaseapps@kb_cmash_sbom.json,,no components
kbaseapps@kb_cobrapy_sbom.json,,no components
kbaseapps@kb_cufflinks_sbom.json,,no components
kbaseapps@kb_cummerbund_sbom.json,,no components
kbaseapps@kb_cutadap_sbom.json,,no components
kbaseapps@kb_dRep_sbom.json,,no components
kbaseapps@kb_ea_utils_sbom.json,,no components
kbaseapps@kb_emirge_sbom.json,,no components
kbaseapps@kb_faprotax_sbom.json,,no components
kbaseapps@kb_functional_enrichment_1_sbom.json,,no components
kbaseapps@kb_gffupload_sbom.json,,no components
kbaseapps@kb_grinder_sbom.json,,no components
kbaseapps@kb_gtdbtk_sbom.json,,no components
kbaseapps@kb_kaiju_sbom.json,,no components
kbaseapps@kb_ke_apps_sbom.json,,no components
kbaseapps@kb_ke_util_sbom.json,,no components
kbaseapps@kb_kraken_sbom.json,,no components
kbaseapps@kb_mash_sbom.json,,no components
kbaseapps@kb_maxbin_sbom.json,,no components
kbaseapps@kb_megah_sbom.json,,no components
kbaseapps@kb_meta_decoder_sbom.json,,no components
kbaseapps@kb_paperblas_sbom.json,,no components
kbaseapps@kb_phylosif_sbom.json,,no components
kbaseapps@kb_pickaxe_sbom.json,,no components
kbaseapps@kb_plant_ras_sbom.json,,no components
kbaseapps@kb_rnaseq_donwloader_sbom.json,,no components
kbaseapps@kb_rnaseq_expor_sbom.json,,no components
kbaseapps@kb_rxn_gene_finder_sbom.json,,no components
kbaseapps@kb_sdk_actions_sbom.json,,no components
kbaseapps@kb_sdk_catalog_metrics_sbom.json,,no components
kbaseapps@kb_sourmash_sbom.json,,no components
kbaseapps@kb_tophat2_sbom.json,,no components
kbaseapps@kb_trimmomatic_sbom.json,,no components
kbaseapps@kb_uchime_sbom.json,,no components
kbaseapps@kb_util_dylan_sbom.json,,no components
kbaseapps@kb_virsorter_sbom.json,,no components
kbaseapps@kb_vsearch_sbom.json,,no components
kbaseapps@kbase_hipmer_sbom.json,,no components
kbaseapps@kbasematrices_indexer_sbom.json,,no components
kbaseapps@legacy_reads_conversion_sbom.json,,no components
kbaseapps@mags_mash_sbom.json,,no components
kbaseapps@ngsutils_sbom.json,,no components
kbaseapps@plant_fba_sbom.json,,no components
kbaseapps@relation_engine_bulk_update_sbom.json,,no components
kbaseapps@taxonomy_service_sbom.json,,no components
kbaseattic@AWE_sbom.json,,no components
kbaseattic@ContainerRunner_sbom.json,,no components
kbaseattic@KBaseFBAModelin_sbom.json,,no components
kbaseattic@KBaseKnowledgeEngine_sbom.json,,no components
kbaseattic@KBaseRNASeq_sbom.json,,no components
kbaseattic@KBaseSearchAPI_sbom.json,,no components
kbaseattic@KBaseSearchEngine_sbom.json,,no components
kbaseattic@OntologyRelations_sbom.json,,no components
kbaseattic@Shock_sbom.json,,no components
kbaseattic@admin_tools_sbom.json,,no components
kbaseattic@amethst_service_sbom.json,,no components
kbaseattic@assembly_sbom.json,,no components
kbaseattic@auth_lite_sbom.json,,no components
kbaseattic@awe_monitor_sbom.json,,no components
kbaseattic@awe_service_sbom.json,,no components
kbaseattic@awe_utils_sbom.json,,no components
kbaseattic@bootstrap_sbom.json,,no components
kbaseattic@browse_sbom.json,,no components
kbaseattic@bulk-u_sbom.json,,no components
kbaseattic@bulkS3upload_sbom.json,,no components
kbaseattic@cbd_sbom.json,,no components
kbaseattic@cdd_service_sbom.json,,no components
kbaseattic@ceph_initialize_sbom.json,,no components
kbaseattic@communities_ap_sbom.json,,no components
kbaseattic@communities_qc_sbom.json,,no components
kbaseattic@concierge_sbom.json,,no components
kbaseattic@condorflask_sbom.json,,no components
kbaseattic@cs_qc_sbom.json,,no components
kbaseattic@data_api_js_clients_sbom.json,,no components
kbaseattic@data_api_perl_clients_sbom.json,,no components
kbaseattic@data_bootstrap_sbom.json,,no components
kbaseattic@data_import_expor_sbom.json,,no components
kbaseattic@dev_container_sbom.json,,no components
kbaseattic@dev_container_tools_sbom.json,,no components
kbaseattic@distro_utils_sbom.json,,no components
kbaseattic@docker-collectd_sbom.json,,no components
kbaseattic@docker-openresty_sbom.json,,no components
kbaseattic@erdb_service_sbom.json,,no components
kbaseattic@expression_sbom.json,,no components
kbaseattic@feature_values_sbom.json,,no components
kbaseattic@filebea_sbom.json,,no components
kbaseattic@gene_families_sbom.json,,no components
kbaseattic@genome_annotation_sbom.json,,no components
kbaseattic@genome_comparison_sbom.json,,no components
kbaseattic@genome_util_sbom.json,,no components
kbaseattic@github_license_update_sbom.json,,no components
kbaseattic@gwas_sbom.json,,no components
kbaseattic@handle_mngr_sbom.json,,no components
kbaseattic@handle_service_sbom.json,,no components
kbaseattic@homology_service_sbom.json,,no components
kbaseattic@htcondor-restd_sbom.json,,no components
kbaseattic@id_map_sbom.json,,no components
kbaseattic@idserver_sbom.json,,no components
kbaseattic@integration_examples_sbom.json,,no components
kbaseattic@invocation_sbom.json,,no components
kbaseattic@kb-ftp-ap_sbom.json,,no components
kbaseattic@kb_go_sbom.json,,no components
kbaseattic@kb_model_seed_sbom.json,,no components
kbaseattic@kb_seed_sbom.json,,no components
kbaseattic@kbase-common-js-bak_sbom.json,,no components
kbaseattic@kbase-data-api-client-js_sbom.json,,no components
kbaseattic@kbase-data-thrift-clients_sbom.json,,no components
kbaseattic@kbase-sdk-module-ui-service_sbom.json,,no components
kbaseattic@kbase-ui-plugin-bulk-u_sbom.json,,no components
kbaseattic@kbase-ui-plugin-dashboard-bak_sbom.json,,no components
kbaseattic@kbase-ui-plugin-data-landing-pages_sbom.json,,no components
kbaseattic@kbase-ui-plugin-dataview-bak_sbom.json,,no components
kbaseattic@kbase-ui-plugin-datawidgets_sbom.json,,no components
kbaseattic@kbase-ui-plugin-jgi-impor_sbom.json,,no components
kbaseattic@kbase-ui-plugin-jobbrowser_sbom.json,,no components
kbaseattic@kbase-ui-plugin-methodview_sbom.json,,no components
kbaseattic@kbase-ui-plugin-report-viewer_sbom.json,,no components
kbaseattic@kbase-ui-plugin-reske-search_sbom.json,,no components
kbaseattic@kbase-ui-plugin-reske-simple-search_sbom.json,,no components
kbaseattic@kbase-ui-plugin-user-profile_sbom.json,,no components
kbaseattic@kbase-ui-plugin-vis-widgets_sbom.json,,no components
kbaseattic@kbase-ui-widge_sbom.json,,no components
kbaseattic@kbase_base_sbom.json,,no components
kbaseattic@kbrest_common_sbom.json,,no components
kbaseattic@kbwf_common_sbom.json,,no components
kbaseattic@kmer_annotation_figfam_sbom.json,,no components
kbaseattic@logstash_sbom.json,,no components
kbaseattic@m5nr_sbom.json,,no components
kbaseattic@matR_sbom.json,,no components
kbaseattic@metadata_sbom.json,,no components
kbaseattic@mgrast_pipeline_sbom.json,,no components
kbaseattic@mini_kb_sbom.json,,no components
kbaseattic@narrativeReaper_sbom.json,,no components
kbaseattic@narrative_job_proxy_sbom.json,,no components
kbaseattic@narrative_job_service_sbom.json,,no components
kbaseattic@nextgen_sbom.json,,no components
kbaseattic@nexus_emulation_sbom.json,,no components
kbaseattic@ontology_service_sbom.json,,no components
kbaseattic@probabilistic_annotation_sbom.json,,no components
kbaseattic@prom_service_sbom.json,,no components
kbaseattic@protein_info_service_sbom.json,,no components
kbaseattic@protein_structure_service_sbom.json,,no components
kbaseattic@rdptools_sbom.json,,no components
kbaseattic@registry_sbom.json,,no components
kbaseattic@relation_engine_spec_sbom.json,,no components
kbaseattic@search_sbom.json,,no components
kbaseattic@shock_service_sbom.json,,no components
kbaseattic@sim_service_sbom.json,,no components
kbaseattic@simple_fba_sbom.json,,no components
kbaseattic@strep_repeats_sbom.json,,no components
kbaseattic@traefik_poc_sbom.json,,no components
kbaseattic@transform_sbom.json,,no components
kbaseattic@translation_sbom.json,,no components
kbaseattic@typecomp_sbom.json,,no components
kbaseattic@uploader_sbom.json,,no components
kbaseattic@user_and_job_state_sbom.json,,no components
kbaseattic@workspace_browser_sbom.json,,no components
kbaseattic@workspace_service_sbom.json,,no components
kbasecollaborations@EMMAX_GWAS_sbom.json,,no components
kbasecollaborations@GEMMA_GWAS_sbom.json,,no components
kbasecollaborations@GeneSet_Enrichmen_sbom.json,,no components
kbasecollaborations@Genese_sbom.json,,no components
kbasecollaborations@KB-CAMOCO_sbom.json,,no components
kbasecollaborations@MotifEnsemble_sbom.json,,no components
kbasecollaborations@MotifFinderHomer_sbom.json,,no components
kbasecollaborations@MotifFinderMEME_sbom.json,,no components
kbasecollaborations@MotifUtils_sbom.json,,no components
kbasecollaborations@ReadsAlignmentUtils_sbom.json,,no components
kbasecollaborations@SKAT_GWAS_sbom.json,,no components
kbasecollaborations@SequenceSetUtils_sbom.json,,no components
kbasecollaborations@VariationDataQuery_sbom.json,,no components
kbasecollaborations@VariationImporter_sbom.json,,no components
kbasecollaborations@VariationMerge_sbom.json,,no components
kbasecollaborations@VariationUtil_sbom.json,,no components
kbasecollaborations@Variation_Viewer_sbom.json,,no components
kbasecollaborations@camocokb_sbom.json,,no components
kbasecollaborations@dn_ds_calculation_sbom.json,,no components
kbasecollaborations@gen_publication_genese_sbom.json,,no components
kbasecollaborations@kb_Bwa_sbom.json,,no components
kbasecollaborations@kb_GATK_sbom.json,,no components
kbasecollaborations@kb_ReadSim_sbom.json,,no components
kbasecollaborations@kb_gsea_sbom.json,,no components
kbasecollaborations@ontology-annotator_sbom.json,,no components
kbasecollaborations@snp2gene_sbom.json,,no components
kbaseincubator@CoverageTools_sbom.json,,no components
kbaseincubator@FastaManager_sbom.json,,no components
kbaseincubator@KBParallelTestModule_sbom.json,,no components
kbaseincubator@NMDC_sample_impor_sbom.json,,no components
kbaseincubator@RelationEngineEval_sbom.json,,no components
kbaseincubator@contigcoun_sbom.json,,no components
kbaseincubator@cs_uploader_sbom.json,,no components
kbaseincubator@deploy_dev_sbom.json,,no components
kbaseincubator@deploy_tools_sbom.json,,no components
kbaseincubator@enigma_metal_campaign_sbom.json,,no components
kbaseincubator@kb_readmapper_sbom.json,,no components
kbaseincubator@kbase_dynamic_clien_sbom.json,,no components
kbaseincubator@kbase_report_templates_sbom.json,,no components
kbaseincubator@kbase_sdk_cl_sbom.json,,no components
kbaseincubator@kbrouter_sbom.json,,no components
kbaseincubator@metabolite_atlas_sbom.json,,no components
kbaseincubator@mock_kbase_sbom.json,,no components
kbaseincubator@onerepotes_sbom.json,,no components
kbaseincubator@refdata_sync_sbom.json,,no components
kbaseincubator@service_tes_sbom.json,,no components
kbaseincubator@service_wizard_sbom.json,,no components
kbaseincubator@shockToS3Scripts_sbom.json,,no components
kbaseincubator@type_update_utils_sbom.json,,no components
kbaseincubator@typed_obj_converter_sbom.json,,no components
kbaseincubator@variation_sbom.json,,no components
kenmiura@mrg8_sbom.json,,no components
klieberman@ood_nic_sbom.json,,no components
kmorel@IceT_sbom.json,,no components
kmorel@UseLATEX_sbom.json,,no components
knrumsey-lanl@concordance_sbom.json,,no components
knrumsey@duqlin_sbom.json,,no components
kokkos@hpc_sbom.json,,no components
kokkos@hpcbind_sbom.json,,no components
kokkos@kokkos-fortran-interop_sbom.json,,json parse error: unexpected end of JSON input
kokkos@kokkos-kernels_sbom.json,pkg:github/docker%3A/@sha256%3Aee57b0e1aedab22063ce6467a6e6358e254a9204693ca20d8a16b2d891db8d5f#agilepathway/pull-request-label-checker,failed to parse purl into a package with error: purl is missing name
kokkos@kokkos-kernels_sbom.json,pkg:github/docker%3A/@sha256%3Aee57b0e1aedab22063ce6467a6e6358e254a9204693ca20d8a16b2d891db8d5f#agilepathway/pull-request-label-checker,failed to parse purl into a package with error: purl is missing name
kokkos@mdarray_sbom.json,,no components
kshitij11@PQV-Mobile_sbom.json,,no components
kyuepublic@ptychopy_sbom.json,,no components
ladybug-tools-in2@standards-measure_sbom.json,,no components
landajuela@cardiac_challenge_sbom.json,,no components
lang-yuan@muMatScale_sbom.json,,no components
langton@MPI_Impor_sbom.json,,no components
lanl-ansi@grail_sbom.json,,no components
lanl-ansi@grg-grgdata_sbom.json,,no components
lanl-ansi@phydras_sbom.json,,no components
lanl-chash@db_sbom.json,,no components
lanl@ADM1F_sbom.json,,no components
lanl@ALF_sbom.json,,no components
lanl@ASAUM_sbom.json,,no components
lanl@ATCCfinder_sbom.json,,no components
lanl@AdversarialTensors_sbom.json,,no components
lanl@AresPK_sbom.json,,no components
lanl@BdNMC_LANL_sbom.json,,no components
lanl@Blackout-Diffusion_sbom.json,,no components
lanl@CNN-T2TViT-comparison_sbom.json,,no components
lanl@CONCAVE_sbom.json,,no components
lanl@COSUBS_sbom.json,,no components
lanl@CoARCT_sbom.json,,no components
lanl@CosmicEmu_sbom.json,,no components
lanl@DEPDOSE_sbom.json,,no components
lanl@DPFEHM.jl_sbom.json,,no components
lanl@Dante_sbom.json,,no components
lanl@Decomposition-Algorithms-for-Scalable-Quantum-Annealin_sbom.json,,no components
lanl@Dendro-GRCA_sbom.json,,no components
lanl@DnMFk_sbom.json,,no components
lanl@Draco_sbom.json,,no components
lanl@EFNMR_LANL_sbom.json,,no components
lanl@EGG_sbom.json,,no components
lanl@EI_MS_ML_sbom.json,,no components
lanl@EOSlib_sbom.json,,no components
lanl@Ethon_sbom.json,,no components
lanl@ExactPack_sbom.json,,no components
lanl@F-ANOVA_sbom.json,,no components
lanl@FutureTense_sbom.json,,no components
lanl@GOTTCHA_sbom.json,,no components
lanl@GSM_sbom.json,,no components
lanl@Galacticus-HDF5-Example_sbom.json,,no components
lanl@GlobalSums_sbom.json,,no components
lanl@Hop-Decorate_sbom.json,,no components
lanl@HopPyBar_sbom.json,,no components
lanl@IBEX_RibbonSeparation_sbom.json,,no components
lanl@ILI_sbom.json,,no components
lanl@In-Silico-Evolution-of-oscillatory-gene-dynamics_sbom.json,,no components
lanl@LATTE_sbom.json,,no components
lanl@LAVA_sbom.json,,no components
lanl@Lagrangian-LES_sbom.json,,no components
lanl@MEnDER-1D_sbom.json,,no components
lanl@MF-LBM_sbom.json,,no components
lanl@ML-for-microbiomes_sbom.json,,no components
lanl@MLQM_sbom.json,,no components
lanl@MeGAMerge_sbom.json,,no components
lanl@Memento-Tracer-Extention_sbom.json,,no components
lanl@Multi-BGK_sbom.json,,no components
lanl@MultiMatTes_sbom.json,,no components
lanl@MultiPEM_Toolbox_sbom.json,,no components
lanl@NDATK_sbom.json,,no components
lanl@NHPP-for-FRBs_sbom.json,,no components
lanl@NchooseK_sbom.json,,no components
lanl@ODD_sbom.json,,no components
lanl@Obtain3D_open_sbom.json,,no components
lanl@OpenFWI_sbom.json,,no components
lanl@OrthoPhylo_sbom.json,,no components
lanl@PDV_Reconstruction_sbom.json,,no components
lanl@PLUMECALC_sbom.json,,no components
lanl@PPT_sbom.json,,no components
lanl@PYSEQM_sbom.json,,no components
lanl@Phase-Field-Dislocation-Dynamics-PFDD-2.x_sbom.json,,no components
lanl@Phase-Field-Dislocation-Dynamics-PFDD_sbom.json,,no components
lanl@PsDNS_sbom.json,,no components
lanl@PyFEHM_sbom.json,,no components
lanl@Remedy-Application-Statistics_sbom.json,,no components
lanl@RingPullStrainAnalysis_sbom.json,,no components
lanl@RossiAlphaView_sbom.json,,no components
lanl@Sandal_sbom.json,,no components
lanl@SplitML_sbom.json,,no components
lanl@StCUDA_sbom.json,,no components
lanl@SuperNu_sbom.json,,no components
lanl@TEE-ACM2_sbom.json,,no components
lanl@TRuML_sbom.json,,no components
lanl@TaskAMR_sbom.json,,no components
lanl@Theseus_sbom.json,,no components
lanl@Trees_sbom.json,,no components
lanl@UCNB_Analyzer_sbom.json,,no components
lanl@UME_sbom.json,,no components
lanl@VPSC_code_sbom.json,,no components
lanl@VizAly-Vis_IO_sbom.json,,no components
lanl@WHO-FLUMART-scraper_sbom.json,,no components
lanl@WhisperingGalleryModeResonatorDataWU_sbom.json,,no components
lanl@Zotero-Robust-Links-Extension_sbom.json,,no components
lanl@alpine-lanl_sbom.json,,no components
lanl@bci.elm.fates.hydrology_sbom.json,,no components
lanl@benchmark_codes_sbom.json,,no components
lanl@c2dwave_sbom.json,,no components
lanl@c2nova_sbom.json,,no components
lanl@catemis_sbom.json,,no components
lanl@clarm_sbom.json,,no components
lanl@clo_sbom.json,,no components
lanl@color_sbom.json,,no components
lanl@contra_sbom.json,,no components
lanl@custom-unembedding-algorithms-QA_sbom.json,,no components
lanl@dav-pv-vtk_sbom.json,,no components
lanl@dbprocessin_sbom.json,,no components
lanl@deboinr_sbom.json,,no components
lanl@dempster-shafer-multinomial_sbom.json,,no components
lanl@devOpsCloudOnTheFly_sbom.json,,no components
lanl@dfdjaxGP_sbom.json,,no components
lanl@distphylo_sbom.json,,no components
lanl@eap-patterns_sbom.json,,no components
lanl@epigen_sbom.json,,no components
lanl@fast-image-creation_sbom.json,,no components
lanl@feature_interpretability_sbom.json,,no components
lanl@femtotime_sbom.json,,no components
lanl@fluxlimiter_sbom.json,,no components
lanl@friendlyNets_sbom.json,,no components
lanl@fuelsgen_sbom.json,,no components
lanl@gamma-dde_sbom.json,,no components
lanl@gpde_sbom.json,,no components
lanl@hermes_sbom.json,,no components
lanl@hsnmon_sbom.json,,no components
lanl@invenio-memento-proxy_sbom.json,,no components
lanl@jal_sbom.json,,no components
lanl@kokkos-clan_sbom.json,,no components
lanl@latte_traveltime_sbom.json,,no components
lanl@libparty_sbom.json,,no components
lanl@link-parse_sbom.json,,no components
lanl@lunus_sbom.json,,no components
lanl@lvPortDriver_sbom.json,,no components
lanl@madspython_sbom.json,,no components
lanl@mama-plugin-ap_sbom.json,pkg:conan/mama/CppMicroServices@3.0.0?channel=stable,failed to get coordinates from purl: pkg:conan/mama/CppMicroServices@3.0.0?channel=stable
lanl@mama-plugin-ap_sbom.json,pkg:conan/mama/OpenCV@3.1.0?channel=stable,failed to get coordinates from purl: pkg:conan/mama/OpenCV@3.1.0?channel=stable
lanl@materialsCloudCompute_sbom.json,,no components
lanl@metconsin_sbom.json,,no components
lanl@mie_sca_sbom.json,,no components
lanl@mineralization_dfnworks_sbom.json,,no components
lanl@minervachem_sbom.json,,no components
lanl@mtl_sbom.json,,no components
lanl@multimat_1drd_sbom.json,,no components
lanl@multishapeGP_sbom.json,,no components
lanl@nuflood_sbom.json,,no components
lanl@pagendam-callis-groundwaterML_sbom.json,,no components
lanl@palm_lanl_sbom.json,,no components
lanl@pidots_sbom.json,,no components
lanl@pinyon_sbom.json,,no components
lanl@piotools_sbom.json,,no components
lanl@planar-isin_sbom.json,,no components
lanl@preco_sbom.json,,no components
lanl@pressure-osmosis_sbom.json,,no components
lanl@pySimFrac_sbom.json,,no components
lanl@pymplo_sbom.json,,no components
lanl@rgm_sbom.json,,no components
lanl@sequedex-core_sbom.json,,no components
lanl@sndus_sbom.json,,no components
lanl@spectad_sbom.json,,no components
lanl@spikingBackprop_sbom.json,,no components
lanl@spite_sbom.json,,no components
lanl@swiftbat_python_sbom.json,,no components
lanl@thrust-iterators_sbom.json,,no components
lanl@trinid_sbom.json,,no components
lanl@tycho2_sbom.json,,no components
lanl@uow_sbom.json,,no components
lanl@vision_transformers_explained_sbom.json,,no components
lanl@vizStudy_sbom.json,,no components
lanl@vpic_sbom.json,,no components
laphnn@contraction_optimizer_sbom.json,,no components
laristra@XMOF2D_sbom.json,,no components
laristra@flecs_sbom.json,,no components
laristra@flecsi-third-party_sbom.json,,no components
laristra@flecsph_sbom.json,,no components
laristra@libristra_sbom.json,,no components
laristra@portage_sbom.json,,no components
lbeesleyBIOSTAT@Reporting_Delay_Example_Code_sbom.json,,no components
lbl-camera@batteryNET_sbom.json,,no components
lbl-camera@hipgisaxs_sbom.json,,no components
lbnl-cybersecurity@LBNL_Physics_Based_IDS_sbom.json,,no components
lbnl-cybersecurity@ddos-detection_sbom.json,,no components
lbnl-cybersecurity@dtkm-sparcs_sbom.json,,no components
lbnl-cybersecurity@sparcs_sbom.json,,no components
lbnl-cybersecurity@tstat-dtn-analysis_sbom.json,,no components
lbnlcomputerarch@MoSAIC-P38_sbom.json,,no components
lbnlcomputerarch@graphene-u-ne_sbom.json,,no components
lbnlcomputerarch@tiger_sbom.json,,no components
lbnlcomputerarch@vte_sbom.json,,no components
ldhulipala@aspen_sbom.json,,no components
leap-ec@gremlin_sbom.json,,no components
lebassman@ArQTiC_sbom.json,,no components
lebrun-LANL@DISSIDE-Dynamic-In-Silico-Sample-Identification-for-Discrete-Evaluation_sbom.json,,no components
lhsego@sUtils_sbom.json,,no components
linyang-121@UQEH-p_sbom.json,,no components
llnlopendata@additive_manufacturing_video_2022_sbom.json,,no components
lmco@laikaboss_sbom.json,,no components
lnbrouwer@ANSYS_UEL_sbom.json,,no components
lviens-LANL@2024_DAG_sbom.json,,no components
lyon-fnal@devenv_sbom.json,,no components
lzhengchun@DSGAN_sbom.json,,no components
maierta@MRPAPP_sbom.json,,no components
man4ish@kb_ldannotate_sbom.json,,no components
massarczyk@Muon_GUORE_sbom.json,,no components
matex-org@matex_sbom.json,,no components
mazeau@project-euler_sbom.json,,no components
mdavezac@LaDa_sbom.json,,no components
mfem@releases_sbom.json,,no components
mfitzsimmons44@BL4A_MagRef_Data_Reduction_Tools_sbom.json,,no components
mfitzsimmons44@Xray-reflectometry_sbom.json,,no components
mfitzsimmons44@reflectometry-analysis_sbom.json,,no components
mfornace@nuclear-score-maximization_sbom.json,,no components
mgawan@GPU-BSW_sbom.json,,no components
mibricks@FermiHubbardTranspor_sbom.json,,no components
michaelgraesser@topness_sbom.json,,no components
michaelyhuang23@ParCluster_sbom.json,,no components
microgold@Becca35_sbom.json,,no components
mjsottile@sfsexp_sbom.json,,no components
mkstratos@stj_pv_sbom.json,,no components
mlawsonca@empress_sbom.json,,no components
mrSkortch@DCS-SLmod_sbom.json,,no components
mrnorman@miniWeather_sbom.json,,no components
mrzv@reeber_sbom.json,,no components
mrzv@saturn_sbom.json,,no components
muammar@ml4chem_sbom.json,,no components
mummi-framework@mummi-core_sbom.json,,no components
myers79@MuMo-CoCo_sbom.json,,no components
naromero77@ACC2OMP_sbom.json,,no components
neams-th-coe@cardinal_sbom.json,,no components
ngds@CheckRunningArcGISservices_sbom.json,,no components
ngds@data-archiver_sbom.json,,no components
ngds@documents_sbom.json,,no components
ngds@metadata-issues_sbom.json,,no components
nick-klingaman@ASoP_sbom.json,,no components
nickjulian-LANL@MoDELib_sbom.json,,no components
nonproliferation@mimosas_sbom.json,,no components
nroth@tdegb_sbom.json,,no components
nrp-g@leaner_sbom.json,,no components
nsf-open@nsf-ember-tooltip_sbom.json,,no components
nsgcc@nsCamera_sbom.json,,no components
oeschsec@Sidekick---voice-controlled-keyboard-and-mouse_sbom.json,,no components
olcf@AccelLinAlgebraLibraries_sbom.json,,no components
olcf@Accelerating-Serial-Code_sbom.json,,no components
olcf@MAGMAFortranModule_sbom.json,,no components
olcf@Mandelbro_sbom.json,,no components
olcf@Serial-to-Parallel--Monte-Carlo-P_sbom.json,,no components
olcf@anchor_sbom.json,,no components
olcf@iPython-Molecular-Dynamics_sbom.json,,no components
olcf@lcio_sbom.json,,no components
olcf@phoenix_sbom.json,,no components
olcf@polimor_sbom.json,pkg:conan/valijson@1.0.1,failed to get coordinates from purl: pkg:conan/valijson@1.0.1
olcf@polimor_sbom.json,pkg:conan/yaml-cpp@0.7.0,failed to get coordinates from purl: pkg:conan/yaml-cpp@0.7.0
omarobeya@parallel-inplace-radixsor_sbom.json,,no components
openEDI@oedisi-hif-identification_sbom.json,,no components
openEDI@oedisi-ieee123_sbom.json,,no components
openPMD@openPMD-CCD_sbom.json,,no components
openscenegraph@OpenSceneGraph_sbom.json,,no components
openshmem-org@osss-gasne_sbom.json,,no components
openzfs@zfs-buildbo_sbom.json,,no components
ornl-sava@log-tool_sbom.json,,no components
ornl-sava@redis-pubsub-stream_sbom.json,,no components
ornl-sava@redis-row-stream_sbom.json,,no components
ornl-sava@regex-stream_sbom.json,,no components
ornl-sava@replay-stream_sbom.json,,no components
ornl-sava@yaml-config-node_sbom.json,,no components
ornl-sava@yayaml-conf_sbom.json,,no components
ornladios@ADIOS_sbom.json,,no components
ornlpmcp@ASCENDS_sbom.json,,no components
owoyeleope@TFM-MoE_sbom.json,,no components
pacifica@pacifica_sbom.json,,no components
panbaoxiang@RADA_sbom.json,,no components
papamarkou@nccd_sbom.json,,no components
particledatagroup@ap_sbom.json,,no components
patrickmackey@parallel_kpp_sbom.json,,no components
paulmanns@slpcc_sbom.json,,no components
paulromano@fudge_sbom.json,,no components
pbosler@StrideSearch_sbom.json,,no components
pcdshub@archapp_sbom.json,,no components
pcdshub@pcds-recipes_sbom.json,,no components
pcdshub@pswalker_sbom.json,,no components
peihunglin@XPlacer-ML-DataPlacemen_sbom.json,,no components
pflow-team@PFLOW_sbom.json,,no components
pjss1223@tLaSDI_sbom.json,,no components
pmartR@peppuR_sbom.json,,no components
pmodels@mpich_sbom.json,,no components
pmodels@pilgrim_sbom.json,,no components
pmodels@rmem_sbom.json,,no components
pmodels@yaksa_sbom.json,,no components
pmoriano@benchmarking-unsupervised-online-IDS-masquerade-attacks_sbom.json,,no components
pmoriano@can-time-based-ids-benchmark_sbom.json,,no components
pnkelly@GPULife_sbom.json,,no components
pnnl-predictive-phenomics@biological_relationship_extraction_sbom.json,,no components
pnnl@ADTKM_sbom.json,,no components
pnnl@ARTS_sbom.json,,no components
pnnl@Active-Sampling-for-Atomistic-Potentials_sbom.json,,no components
pnnl@BICEP_sbom.json,,no components
pnnl@CPACE_sbom.json,,no components
pnnl@Chemometric_Toolbox_sbom.json,,no components
pnnl@Continual-Load-Modelling-HELM_sbom.json,,no components
pnnl@DM-Sim_sbom.json,,no components
pnnl@DPVCNN_sbom.json,,no components
pnnl@DPVPROT_sbom.json,,no components
pnnl@Deep-Learning-Control-with-Embedded-Physical-Structure_sbom.json,,no components
pnnl@E4D_sbom.json,,no components
pnnl@FENATE_sbom.json,,no components
pnnl@FLOWER_sbom.json,,no components
pnnl@FermionicSwap_sbom.json,,no components
pnnl@FlexyAirDeepMPC_sbom.json,,no components
pnnl@GridSTAGE_sbom.json,,no components
pnnl@GroupTheoretical_sbom.json,,no components
pnnl@HNSRigidBodySimulator_sbom.json,,no components
pnnl@Haskell-IDF-Executable_sbom.json,,no components
pnnl@HiParTI_sbom.json,,no components
pnnl@LCA_sbom.json,,no components
pnnl@MBDRL_sbom.json,,no components
pnnl@MCOR_sbom.json,,no components
pnnl@Multimodal-Few-Sho_sbom.json,,no components
pnnl@OpenCGRA_sbom.json,,no components
pnnl@PHANTOM_sbom.json,,no components
pnnl@Pathway_Controlled_Optimization_sbom.json,,no components
pnnl@PolyCheck_sbom.json,,no components
pnnl@QASMBench_sbom.json,,no components
pnnl@ReteBiome_sbom.json,,no components
pnnl@SHADES_sbom.json,,no components
pnnl@STOMP-W_sbom.json,,no components
pnnl@SV-Sim_sbom.json,,no components
pnnl@Smisc_sbom.json,,no components
pnnl@TCBNN_sbom.json,,no components
pnnl@Temwizard_sbom.json,,no components
pnnl@ThermalTracker_sbom.json,,no components
pnnl@ZebrafishBMD_sbom.json,,no components
pnnl@ap_sbom.json,,no components
pnnl@arena_sbom.json,,no components
pnnl@bernstein-2016-productivity-and-diversity_sbom.json,,no components
pnnl@bernstein-2017-productivity-and-diversity-2_sbom.json,,no components
pnnl@biota_sbom.json,,no components
pnnl@brain_ohsu_sbom.json,,no components
pnnl@brislawn-2018-founders-species_sbom.json,,no components
pnnl@buildingid_sbom.json,,no components
pnnl@cactus_sbom.json,,no components
pnnl@capratTX_sbom.json,,no components
pnnl@cyPhyTown_sbom.json,,no components
pnnl@datalife_sbom.json,,no components
pnnl@deep_scoreMS1_sbom.json,,no components
pnnl@deps_arXiv2020_sbom.json,,no components
pnnl@doa_sbom.json,,no components
pnnl@docs-Smisc_sbom.json,,no components
pnnl@docs-rsed_sbom.json,,no components
pnnl@drupal-installer_sbom.json,,no components
pnnl@eSTOMP-WR_sbom.json,,no components
pnnl@emp-gnn_sbom.json,,no components
pnnl@eqc_sbom.json,,no components
pnnl@fieryfuture_sbom.json,,no components
pnnl@fqc_sbom.json,,no components
pnnl@frequency_sensitivity_sbom.json,,no components
pnnl@galas_sbom.json,,no components
pnnl@glmnetLRC_sbom.json,,no components
pnnl@gm_sbom.json,,no components
pnnl@gparm_sbom.json,,no components
pnnl@grid_prediction_sbom.json,,no components
pnnl@gumby-spectral-imagin_sbom.json,,no components
pnnl@haystack_sbom.json,,no components
pnnl@hexwatershed_sbom.json,,no components
pnnl@hundo_sbom.json,,no components
pnnl@hydraconda_sbom.json,,no components
pnnl@hyperedge-triplets_sbom.json,,no components
pnnl@jansson_snijders_collaborative_cross_sbom.json,,no components
pnnl@lpNNPS4SPH_sbom.json,,no components
pnnl@mass1_sbom.json,,no components
pnnl@maximojsonclien_sbom.json,,no components
pnnl@merca_sbom.json,,no components
pnnl@metagenomic_analysis_sbom.json,,no components
pnnl@mlprotein_sbom.json,,no components
pnnl@mlxrd_sbom.json,,no components
pnnl@modelsym_sbom.json,,no components
pnnl@modme_sbom.json,,no components
pnnl@mol_dgnn_sbom.json,,no components
pnnl@neural_ODE_ICLR2020_sbom.json,,no components
pnnl@nims_sbom.json,,no components
pnnl@nmrf_sbom.json,,no components
pnnl@oedisi_transients_sbom.json,,no components
pnnl@pakman_sbom.json,,no components
pnnl@particlefsl_sbom.json,,no components
pnnl@pca-analysis_sbom.json,,no components
pnnl@pecblocks_sbom.json,,no components
pnnl@pinacles_sbom.json,,no components
pnnl@pretty_lin_sbom.json,,no components
pnnl@psl_sbom.json,,no components
pnnl@pyraabe_sbom.json,,no components
pnnl@pysensin_sbom.json,,no components
pnnl@qFeature_sbom.json,,no components
pnnl@qasmtrans_sbom.json,,no components
pnnl@rhizo_phosph_resource_islands_sbom.json,,no components
pnnl@ripples_sbom.json,,no components
pnnl@rsed_sbom.json,,no components
pnnl@rubblepy_sbom.json,,no components
pnnl@s-blas_sbom.json,,no components
pnnl@safek_sbom.json,,no components
pnnl@sensitivity_sbom.json,,no components
pnnl@signalgen_sbom.json,,no components
pnnl@slim_sbom.json,,no components
pnnl@socialsim_package_sbom.json,,no components
pnnl@temporal_subgraph_isomorphism_sbom.json,,no components
pnnl@time_series_sbom.json,,no components
pnnl@uq_sbom.json,,no components
pnnl@velo_sbom.json,pkg:generic/java/jdk@1.6.0_51-b11-457,failed to get coordinates from purl: pkg:generic/java/jdk@1.6.0_51-b11-457
pnnl@velo_sbom.json,pkg:generic/oracle/openjdk@1.7.0,failed to get coordinates from purl: pkg:generic/oracle/openjdk@1.7.0
pnnl@velo_sbom.json,pkg:generic/oracle/openjdk@1.7.0,failed to get coordinates from purl: pkg:generic/oracle/openjdk@1.7.0
pnnl@velo_sbom.json,pkg:generic/oracle/openjdk@1.7.0,failed to get coordinates from purl: pkg:generic/oracle/openjdk@1.7.0
pnnl@velo_sbom.json,pkg:generic/oracle/openjdk@1.7.0,failed to get coordinates from purl: pkg:generic/oracle/openjdk@1.7.0
pnnl@velo_sbom.json,pkg:generic/oracle/openjdk@1.7.0,failed to get coordinates from purl: pkg:generic/oracle/openjdk@1.7.0
prasannadate@maq_sbom.json,,no components
praxes@hexrd_sbom.json,,no components
propgraph@pgm_sbom.json,,no components
pwrapi@pwrapi-ref_sbom.json,,no components
pzharrington@ExaGAN_sbom.json,,no components
qianglbl@BELT_sbom.json,,no components
qianglbl@PVPmoo_sbom.json,,no components
qingkaikong@3DFNO_GCS_sbom.json,,no components
qqliu@batch-dynamic-kcore-decomposition_sbom.json,,no components
quantumquinn@apam-kmc_sbom.json,,no components
quinoacomputing@quinoa_sbom.json,,no components
qun-liu@PyMDA_sbom.json,,no components
rabroughton@QUAD_sbom.json,,no components
ralphou@data-analysis-operations_sbom.json,,no components
ramkikannan@planc_sbom.json,,no components
richardlett@GALATIC_sbom.json,,no components
rishipillai@CSP-CorrCreep_ORNL_sbom.json,,no components
rk-lindsey@al_driver_sbom.json,,no components
robertu94@libpressio_op_sbom.json,,no components
rose-compiler@matlab-frontend_sbom.json,,no components
rose-compiler@rose-develop_sbom.json,,no components
rsartor-lanl@worm-1.7.0_sbom.json,,no components
ryand-LANL@DualColorAnalysis_sbom.json,,no components
ryand-LANL@EMCCD-calibration_sbom.json,,no components
sabersw@pysaber_sbom.json,,no components
sainslie1966@AnisWave2D_sbom.json,,no components
sandialabs@Albany_sbom.json,,no components
sandialabs@CFTrack_sbom.json,,no components
sandialabs@CSPlib_sbom.json,,no components
sandialabs@CasCollec_sbom.json,,no components
sandialabs@CausalFS_sbom.json,,no components
sandialabs@DGTile_sbom.json,,no components
sandialabs@DISCO_GUI_sbom.json,,no components
sandialabs@DKE-Scripts_sbom.json,,no components
sandialabs@Deep-Learning-Denoiser_sbom.json,,no components
sandialabs@EFDC_sbom.json,,no components
sandialabs@EGSim_sbom.json,,no components
sandialabs@EPANET-BAM_sbom.json,,no components
sandialabs@ExoToComsol_sbom.json,,no components
sandialabs@FRENSIE-0.3.0_sbom.json,,no components
sandialabs@GABLE_sbom.json,,no components
sandialabs@GeoPlace_sbom.json,,no components
sandialabs@HEMLOCK_sbom.json,,no components
sandialabs@HODIF_sbom.json,,no components
sandialabs@HawaiiCoast_GT_Code_Generation_sbom.json,,no components
sandialabs@HiFiPDV2_sbom.json,,no components
sandialabs@INPAGN_Launcher_sbom.json,,no components
sandialabs@ISMAGS-in-Python_sbom.json,,no components
sandialabs@IX2.6_sbom.json,,no components
sandialabs@IcyPaw_sbom.json,,no components
sandialabs@IntervalAssignmen_sbom.json,,no components
sandialabs@Juxtaposer_sbom.json,,no components
sandialabs@KinCa_sbom.json,,no components
sandialabs@MAPIT_sbom.json,,no components
sandialabs@MCMD1_sbom.json,,no components
sandialabs@MPI-Partix_sbom.json,,no components
sandialabs@MPNN_sbom.json,,no components
sandialabs@MatMCNP_sbom.json,,no components
sandialabs@MrHyDE_sbom.json,,no components
sandialabs@NMTRI_sbom.json,,no components
sandialabs@OpenCSP_sbom.json,pkg:rpm/libICE@1.0.9-15.el8?arch=x86_64&epoch=0&upstream=libICE-1.0.9-15.el8.src.rpm,failed to get coordinates from purl: pkg:rpm/libICE@1.0.9-15.el8?arch=x86_64&epoch=0&upstream=libICE-1.0.9-15.el8.src.rpm
sandialabs@OpenCSP_sbom.json,pkg:rpm/libSM@1.2.3-1.el8?arch=x86_64&epoch=0&upstream=libSM-1.2.3-1.el8.src.rpm,failed to get coordinates from purl: pkg:rpm/libSM@1.2.3-1.el8?arch=x86_64&epoch=0&upstream=libSM-1.2.3-1.el8.src.rpm
sandialabs@OpenCSP_sbom.json,pkg:rpm/libXdmcp@1.1.3-1.el8?arch=x86_64&epoch=0&upstream=libXdmcp-1.1.3-1.el8.src.rpm,failed to get coordinates from purl: pkg:rpm/libXdmcp@1.1.3-1.el8?arch=x86_64&epoch=0&upstream=libXdmcp-1.1.3-1.el8.src.rpm
sandialabs@OpenCSP_sbom.json,pkg:rpm/libXfont2@2.0.3-2.el8?arch=x86_64&epoch=0&upstream=libXfont2-2.0.3-2.el8.src.rpm,failed to get coordinates from purl: pkg:rpm/libXfont2@2.0.3-2.el8?arch=x86_64&epoch=0&upstream=libXfont2-2.0.3-2.el8.src.rpm
sandialabs@OpenCSP_sbom.json,pkg:rpm/libXmu@1.1.3-1.el8?arch=x86_64&epoch=0&upstream=libXmu-1.1.3-1.el8.src.rpm,failed to get coordinates from purl: pkg:rpm/libXmu@1.1.3-1.el8?arch=x86_64&epoch=0&upstream=libXmu-1.1.3-1.el8.src.rpm
sandialabs@OpenCSP_sbom.json,pkg:rpm/libXt@1.1.5-12.el8?arch=x86_64&epoch=0&upstream=libXt-1.1.5-12.el8.src.rpm,failed to get coordinates from purl: pkg:rpm/libXt@1.1.5-12.el8?arch=x86_64&epoch=0&upstream=libXt-1.1.5-12.el8.src.rpm
sandialabs@OpenCSP_sbom.json,pkg:rpm/libfontenc@1.1.3-8.el8?arch=x86_64&epoch=0&upstream=libfontenc-1.1.3-8.el8.src.rpm,failed to get coordinates from purl: pkg:rpm/libfontenc@1.1.3-8.el8?arch=x86_64&epoch=0&upstream=libfontenc-1.1.3-8.el8.src.rpm
sandialabs@OpenCSP_sbom.json,pkg:rpm/libxkbfile@1.1.0-1.el8?arch=x86_64&epoch=0&upstream=libxkbfile-1.1.0-1.el8.src.rpm,failed to get coordinates from purl: pkg:rpm/libxkbfile@1.1.0-1.el8?arch=x86_64&epoch=0&upstream=libxkbfile-1.1.0-1.el8.src.rpm
sandialabs@OpenCSP_sbom.json,pkg:rpm/pixman@0.38.4-3.el8_9?arch=x86_64&epoch=0&upstream=pixman-0.38.4-3.el8_9.src.rpm,failed to get coordinates from purl: pkg:rpm/pixman@0.38.4-3.el8_9?arch=x86_64&epoch=0&upstream=pixman-0.38.4-3.el8_9.src.rpm
sandialabs@OpenCSP_sbom.json,pkg:rpm/python3-xvfbwrapper@0.2.9-2.el8?arch=noarch&epoch=0&upstream=python-xvfbwrapper-0.2.9-2.el8.src.rpm,failed to get coordinates from purl: pkg:rpm/python3-xvfbwrapper@0.2.9-2.el8?arch=noarch&epoch=0&upstream=python-xvfbwrapper-0.2.9-2.el8.src.rpm
sandialabs@OpenCSP_sbom.json,pkg:rpm/xkeyboard-config@2.28-1.el8?arch=noarch&epoch=0&upstream=xkeyboard-config-2.28-1.el8.src.rpm,failed to get coordinates from purl: pkg:rpm/xkeyboard-config@2.28-1.el8?arch=noarch&epoch=0&upstream=xkeyboard-config-2.28-1.el8.src.rpm
sandialabs@OpenCSP_sbom.json,pkg:rpm/xorg-x11-server-Xvfb@1.20.11-17.el8?arch=x86_64&epoch=0&upstream=xorg-x11-server-1.20.11-17.el8.src.rpm,failed to get coordinates from purl: pkg:rpm/xorg-x11-server-Xvfb@1.20.11-17.el8?arch=x86_64&epoch=0&upstream=xorg-x11-server-1.20.11-17.el8.src.rpm
sandialabs@OpenCSP_sbom.json,pkg:rpm/xorg-x11-server-common@1.20.11-17.el8?arch=x86_64&epoch=0&upstream=xorg-x11-server-1.20.11-17.el8.src.rpm,failed to get coordinates from purl: pkg:rpm/xorg-x11-server-common@1.20.11-17.el8?arch=x86_64&epoch=0&upstream=xorg-x11-server-1.20.11-17.el8.src.rpm
sandialabs@OpenCSP_sbom.json,pkg:rpm/xorg-x11-xauth@1.0.9-12.el8?arch=x86_64&epoch=1&upstream=xorg-x11-xauth-1.0.9-12.el8.src.rpm,failed to get coordinates from purl: pkg:rpm/xorg-x11-xauth@1.0.9-12.el8?arch=x86_64&epoch=1&upstream=xorg-x11-xauth-1.0.9-12.el8.src.rpm
sandialabs@OpenCSP_sbom.json,pkg:rpm/xorg-x11-xkb-utils@7.7-28.el8?arch=x86_64&epoch=0&upstream=xorg-x11-xkb-utils-7.7-28.el8.src.rpm,failed to get coordinates from purl: pkg:rpm/xorg-x11-xkb-utils@7.7-28.el8?arch=x86_64&epoch=0&upstream=xorg-x11-xkb-utils-7.7-28.el8.src.rpm
sandialabs@OptML_sbom.json,,no components
sandialabs@PRIME_sbom.json,,no components
sandialabs@Paracous_sbom.json,,no components
sandialabs@Peak-Map_sbom.json,,no components
sandialabs@Relleno_sbom.json,,no components
sandialabs@SCO2_CONTROL_SOFTWARE_sbom.json,,no components
sandialabs@SMARTT_sbom.json,,no components
sandialabs@SNL-SWAN_sbom.json,,no components
sandialabs@SPiFI_sbom.json,,no components
sandialabs@SmartBlock_sbom.json,,no components
sandialabs@SpokeDartsPublic_sbom.json,,no components
sandialabs@TEB_sbom.json,,no components
sandialabs@TEVA-SPOT-Toolk_sbom.json,,no components
sandialabs@TenSQL_sbom.json,,no components
sandialabs@Tines_sbom.json,,no components
sandialabs@TwinMe4AD_sbom.json,,no components
sandialabs@VKF-with-Hinf-Based-Correction-for-Robust-Bayesian-Learnin_sbom.json,,no components
sandialabs@Whetstone_sbom.json,,no components
sandialabs@ZPAL_sbom.json,,no components
sandialabs@affec_sbom.json,,no components
sandialabs@avatar_sbom.json,,no components
sandialabs@becca_sbom.json,,no components
sandialabs@bigdna_sbom.json,,no components
sandialabs@bisquik_sbom.json,,no components
sandialabs@capp_sbom.json,,no components
sandialabs@chisels_sbom.json,,no components
sandialabs@cmad_sbom.json,,no components
sandialabs@colorin_sbom.json,,no components
sandialabs@compadre_sbom.json,pkg:github/docker%3A/@sha256%3Aee57b0e1aedab22063ce6467a6e6358e254a9204693ca20d8a16b2d891db8d5f#agilepathway/pull-request-label-checker,failed to parse purl into a package with error: purl is missing name
sandialabs@cxxtes_sbom.json,,no components
sandialabs@d2_sbom.json,,no components
sandialabs@delsol_sbom.json,,no components
sandialabs@dimensionality-reduction-library_sbom.json,,no components
sandialabs@faodel_sbom.json,,no components
sandialabs@fast_ticc_sbom.json,,no components
sandialabs@fbWecCntrl_sbom.json,,no components
sandialabs@fbmp_sbom.json,,no components
sandialabs@ga_sbom.json,,no components
sandialabs@galen-view_sbom.json,,no components
sandialabs@geryon_sbom.json,,no components
sandialabs@gnn-applied-linear-algebra_sbom.json,,no components
sandialabs@gnom3-fe_sbom.json,,no components
sandialabs@gr-pdu_utils_sbom.json,,no components
sandialabs@grandmaster_sbom.json,,no components
sandialabs@graphsage-sparse_sbom.json,,no components
sandialabs@halucinator_PMatch_sbom.json,,no components
sandialabs@halucinator_hq-tracer_sbom.json,,no components
sandialabs@hermes-util_sbom.json,,no components
sandialabs@hnq_sbom.json,,no components
sandialabs@hod-carrier_sbom.json,,no components
sandialabs@hsolo_sbom.json,,no components
sandialabs@iDASH2019GeneDru_sbom.json,,no components
sandialabs@implicit-sph_sbom.json,,no components
sandialabs@isml_sbom.json,,no components
sandialabs@lapart-python_sbom.json,,no components
sandialabs@lgrtk_sbom.json,,no components
sandialabs@lim1tr_sbom.json,,no components
sandialabs@limeex_sbom.json,,no components
sandialabs@linkshop_sbom.json,,no components
sandialabs@lwfs_sbom.json,,no components
sandialabs@mac-sandbox_sbom.json,,no components
sandialabs@mapreduce_sbom.json,,no components
sandialabs@miniGraphics_sbom.json,,no components
sandialabs@miniIsosurface_sbom.json,,no components
sandialabs@miniMD_sbom.json,,no components
sandialabs@miniXyce_sbom.json,,no components
sandialabs@mpicpp_sbom.json,,no components
sandialabs@omega_h_sbom.json,,no components
sandialabs@p3a_sbom.json,,no components
sandialabs@pCAMAL_sbom.json,,no components
sandialabs@parsegen-cpp_sbom.json,,no components
sandialabs@portals4_sbom.json,,no components
sandialabs@pvcracks_sbom.json,,no components
sandialabs@pyomo_optimization_example_problems_sbom.json,,no components
sandialabs@pyperc_sbom.json,,no components
sandialabs@pypm_sbom.json,,no components
sandialabs@qnvb_sbom.json,,no components
sandialabs@que-ldrd-tools_sbom.json,,no components
sandialabs@quinn_sbom.json,,no components
sandialabs@rattlesnake-vibration-controller_sbom.json,,no components
sandialabs@romans_sbom.json,,no components
sandialabs@sco_sbom.json,,no components
sandialabs@screamer_sbom.json,,no components
sandialabs@seacas-docs_sbom.json,,no components
sandialabs@shadow_sbom.json,,no components
sandialabs@single-sided-messagin_sbom.json,,no components
sandialabs@sirocco-release_sbom.json,,no components
sandialabs@snl-pstess_sbom.json,,no components
sandialabs@solergy_sbom.json,,no components
sandialabs@spa_sbom.json,,no components
sandialabs@stepwise_sbom.json,,no components
sandialabs@sudoku-online_sbom.json,,no components
sandialabs@tacho_sbom.json,,no components
sandialabs@tracktable_sbom.json,,no components
sandialabs@verdic_sbom.json,,no components
sandialabs@xyz_sbom.json,,no components
sandialabs@zonetool_sbom.json,,no components
saugatkandel@fast_smart_scannin_sbom.json,,no components
sbagchi-LANL@SurFE-XD_sbom.json,,no components
sbanik2@CEGANN_sbom.json,,no components
scottjehl@Respond_sbom.json,,no components
scottkalevhansen@CHROTRAN-release_sbom.json,,no components
sellitforcache@warp_sbom.json,,no components
sgfernandes@Loadshif_sbom.json,,no components
shaffer1@RVA_sbom.json,,no components
shaoyangjia@SDE_quark_sbom.json,,no components
shirleyahn@CAS_Code_sbom.json,,no components
shusenl@nlpvis_sbom.json,,no components
simoneventuri@ROMNet__sbom.json,,no components
simroux@ICTV_VirophageSG_sbom.json,,no components
sky-sjue-lanl@true-s_sbom.json,,no components
slac-lcls-tmo@tmo-template_sbom.json,,no components
slac-lcls@ami_tmo_sbom.json,,no components
slac-lcls@amitypin_sbom.json,,no components
slac-lcls@networkfox_sbom.json,,no components
slac-lcls@psdm-databooks_sbom.json,,no components
slacgismo@advanced-load-modelin_sbom.json,,no components
slacgismo@docs-browser_sbom.json,,no components
slacgismo@load_decomposition_sbom.json,,no components
slacgismo@loadshape_analysis_sbom.json,,no components
slacgismo@pgande_dlp_archive_sbom.json,,no components
slacgismo@pge-baseline-study_sbom.json,,no components
slacgismo@pv-system-profiler_sbom.json,,no components
slacgismo@scsf-cluster-deploy_sbom.json,,no components
slacgismo@solar-data-pipeline_sbom.json,,no components
slacgismo@solar-data-retrieval_sbom.json,,no components
slacgismo@solar-fingerprintin_sbom.json,,no components
slacgismo@weather_data_sbom.json,,no components
slaclab@BsaCoreTes_sbom.json,,no components
slaclab@CAENHV_sbom.json,,no components
slaclab@CCPM_sbom.json,,no components
slaclab@ComplexFirstOrderIIR_sbom.json,,no components
slaclab@EpicsBuildAnalysis_sbom.json,,no components
slaclab@Genesis-1.3-Version2_sbom.json,,no components
slaclab@HXRSnD-Runs_sbom.json,,no components
slaclab@Keithley6482_sbom.json,,no components
slaclab@LiTrack_sbom.json,,no components
slaclab@LogBookClien_sbom.json,,no components
slaclab@LsstPsProdTop_sbom.json,,no components
slaclab@ProgramFPGA_sbom.json,,no components
slaclab@PyLabelMe_sbom.json,,no components
slaclab@QDarkStyleShee_sbom.json,,no components
slaclab@SSLearningPipeLine_sbom.json,,no components
slaclab@Skywalker-Runs_sbom.json,,no components
slaclab@TimeToolFlow_sbom.json,,no components
slaclab@VADER-Analytics_sbom.json,,no components
slaclab@anarel-manage_sbom.json,,no components
slaclab@anarel-tes_sbom.json,,no components
slaclab@ansible-role-chrony_sbom.json,pkg:github/docker%3A/#ghcr.io/github/super-linter:slim-v4,failed to parse purl into a package with error: purl is missing name
slaclab@ansible-role-kubeadm_sbom.json,,no components
slaclab@ansible-role-linux-kernel_sbom.json,,no components
slaclab@ansible-role-spark_sbom.json,,no components
slaclab@ansible-role-sudo_sbom.json,,no components
slaclab@arduino-base64_sbom.json,,no components
slaclab@bbcp_sbom.json,,no components
slaclab@bsas_sbom.json,,no components
slaclab@centos7-diskless-builder_sbom.json,pkg:rpm/kmod-i40e@2.16.11-210621?arch=x86_64&epoch=0&upstream=i40e-2.16.11-210621.src.rpm,failed to get coordinates from purl: pkg:rpm/kmod-i40e@2.16.11-210621?arch=x86_64&epoch=0&upstream=i40e-2.16.11-210621.src.rpm
slaclab@centos7-diskless-builder_sbom.json,pkg:rpm/kmod-i40e@2.16.11-210621?arch=x86_64&epoch=0&upstream=i40e-2.16.11-210621.src.rpm,failed to get coordinates from purl: pkg:rpm/kmod-i40e@2.16.11-210621?arch=x86_64&epoch=0&upstream=i40e-2.16.11-210621.src.rpm
slaclab@centos7-diskless-builder_sbom.json,pkg:rpm/kmod-iavf@4.2.7-210607?arch=x86_64&epoch=0&upstream=iavf-4.2.7-210607.src.rpm,failed to get coordinates from purl: pkg:rpm/kmod-iavf@4.2.7-210607?arch=x86_64&epoch=0&upstream=iavf-4.2.7-210607.src.rpm
slaclab@centos7-diskless-builder_sbom.json,pkg:rpm/kmod-ice@1.6.4-210628?arch=x86_64&epoch=0&upstream=ice-1.6.4-210628.src.rpm,failed to get coordinates from purl: pkg:rpm/kmod-ice@1.6.4-210628?arch=x86_64&epoch=0&upstream=ice-1.6.4-210628.src.rpm
slaclab@centos7-diskless-builder_sbom.json,pkg:rpm/kmod-ice@1.6.4-210628?arch=x86_64&epoch=0&upstream=ice-1.6.4-210628.src.rpm,failed to get coordinates from purl: pkg:rpm/kmod-ice@1.6.4-210628?arch=x86_64&epoch=0&upstream=ice-1.6.4-210628.src.rpm
slaclab@centos7-diskless-builder_sbom.json,pkg:rpm/kmod-igb@5.7.2-210607?arch=x86_64&epoch=0&upstream=igb-5.7.2-210607.src.rpm,failed to get coordinates from purl: pkg:rpm/kmod-igb@5.7.2-210607?arch=x86_64&epoch=0&upstream=igb-5.7.2-210607.src.rpm
slaclab@centos7-diskless-builder_sbom.json,pkg:rpm/kmod-igb@5.7.2-210607?arch=x86_64&epoch=0&upstream=igb-5.7.2-210607.src.rpm,failed to get coordinates from purl: pkg:rpm/kmod-igb@5.7.2-210607?arch=x86_64&epoch=0&upstream=igb-5.7.2-210607.src.rpm
slaclab@centos7-diskless-builder_sbom.json,pkg:rpm/kmod-ixgbe@5.12.5-210607?arch=x86_64&epoch=0&upstream=ixgbe-5.12.5-210607.src.rpm,failed to get coordinates from purl: pkg:rpm/kmod-ixgbe@5.12.5-210607?arch=x86_64&epoch=0&upstream=ixgbe-5.12.5-210607.src.rpm
slaclab@centos7-diskless-builder_sbom.json,pkg:rpm/kmod-ixgbe@5.12.5-210607?arch=x86_64&epoch=0&upstream=ixgbe-5.12.5-210607.src.rpm,failed to get coordinates from purl: pkg:rpm/kmod-ixgbe@5.12.5-210607?arch=x86_64&epoch=0&upstream=ixgbe-5.12.5-210607.src.rpm
slaclab@centos7-diskless-builder_sbom.json,pkg:rpm/kmod-ixgbevf@4.12.4-210607?arch=x86_64&epoch=0&upstream=ixgbevf-4.12.4-210607.src.rpm,failed to get coordinates from purl: pkg:rpm/kmod-ixgbevf@4.12.4-210607?arch=x86_64&epoch=0&upstream=ixgbevf-4.12.4-210607.src.rpm
slaclab@central_node_engine_sbom.json,,no components
slaclab@central_node_ioc_sbom.json,,no components
slaclab@containers_sbom.json,pkg:rpm/oracle-instantclient12.2-basiclite@12.2.0.1.0-1?arch=x86_64&epoch=0&upstream=oracle-instantclient12.2-basiclite-12.2.0.1.0-1.src.rpm,failed to get coordinates from purl: pkg:rpm/oracle-instantclient12.2-basiclite@12.2.0.1.0-1?arch=x86_64&epoch=0&upstream=oracle-instantclient12.2-basiclite-12.2.0.1.0-1.src.rpm
slaclab@cpsw-yamlReader_sbom.json,,no components
slaclab@cpswTreeGUI_sbom.json,,no components
slaclab@cryoem-airflow_sbom.json,,no components
slaclab@cryoem-analysis-tools_sbom.json,,no components
slaclab@cryoem-pipeline_sbom.json,,no components
slaclab@datm_sbom.json,,no components
slaclab@detro_sbom.json,,no components
slaclab@dev-board-common-platform_sbom.json,,no components
slaclab@dev-board-misc-utils_sbom.json,,no components
slaclab@dmConda_sbom.json,,no components
slaclab@ease_sbom.json,,no components
slaclab@edmbutton_sbom.json,,no components
slaclab@epicsarchiver_automation_sbom.json,,no components
slaclab@epix-hr-10k-2m_sbom.json,,no components
slaclab@epix-hr-2M-10k_sbom.json,,no components
slaclab@epix-quad_sbom.json,,no components
slaclab@explgbk-docker_sbom.json,,no components
slaclab@facet2-lattice_sbom.json,,no components
slaclab@flask_authnz_sbom.json,,no components
slaclab@flask_mysql_util_sbom.json,,no components
slaclab@flask_socket_util_sbom.json,,no components
slaclab@gdml_sbom.json,,no components
slaclab@h5-batch-reader_sbom.json,,no components
slaclab@hires-lattice_sbom.json,,no components
slaclab@hxdhome_sbom.json,,no components
slaclab@ila-wrappers-for-surf_sbom.json,,no components
slaclab@l2MpsAN_sbom.json,,no components
slaclab@l2MpsLN_sbom.json,,no components
slaclab@l2si-xpm_sbom.json,,no components
slaclab@lacquer_sbom.json,,no components
slaclab@lc2-hdf5-110_sbom.json,,no components
slaclab@lcdd_sbom.json,,no components
slaclab@lcls-cu-inj-live_sbom.json,,no components
slaclab@lcls-cu-inj-surrogate_sbom.json,,no components
slaclab@lcls-orb_sbom.json,,no components
slaclab@lcls-pcav_sbom.json,,no components
slaclab@lcls2-llrf-bsa-mps-tx-core_sbom.json,,no components
slaclab@lcls2-llrf_sbom.json,,no components
slaclab@lcls_pcav_sbom.json,,no components
slaclab@lclslib_sbom.json,,no components
slaclab@llrfAmc_sbom.json,,no components
slaclab@lsst-ac-filter-relay_sbom.json,,no components
slaclab@lsst-ion-pump-ps-controller_sbom.json,,no components
slaclab@lsst-pwr-ctrl-remote-reprogram_sbom.json,,no components
slaclab@lume-elegan_sbom.json,,no components
slaclab@lume-scatter_sbom.json,,no components
slaclab@lz-test-stand_sbom.json,,no components
slaclab@mongo_sbom.json,,no components
slaclab@mps_database_sbom.json,,no components
slaclab@mps_manager_sbom.json,,no components
slaclab@nexo-daq-ring-buffer_sbom.json,,no components
slaclab@ocelo_sbom.json,,no components
slaclab@openPMD-standard_sbom.json,,no components
slaclab@optimizer_sbom.json,,no components
slaclab@orbit_server_sbom.json,,no components
slaclab@pabv_control_sbom.json,,no components
slaclab@pam_oauth2_device_sbom.json,,no components
slaclab@paws_sbom.json,,no components
slaclab@pedl_sbom.json,,no components
slaclab@pgp-gen3-pcie-card_sbom.json,,no components
slaclab@pgp-pcie-apps_sbom.json,,no components
slaclab@programmin_sbom.json,,no components
slaclab@psbeam_sbom.json,,no components
slaclab@psdm_mongo_ws_sbom.json,,no components
slaclab@psdm_ws_template_sbom.json,,no components
slaclab@psgeom_sbom.json,,no components
slaclab@psmlearn_sbom.json,,no components
slaclab@psmon_sbom.json,,no components
slaclab@psp_sbom.json,,no components
slaclab@pyadplugin_sbom.json,,no components
slaclab@pycaserver_sbom.json,,no components
slaclab@pydm-tutorial_sbom.json,,no components
slaclab@pydm_pva_widgets_sbom.json,,no components
slaclab@pyenvbuilder_sbom.json,,no components
slaclab@pyre_sbom.json,,no components
slaclab@pyrogue-control-server_sbom.json,,no components
slaclab@pysmurf-docker_sbom.json,,no components
slaclab@rce_build_env_sbom.json,,no components
slaclab@rubin-panda-deploy_sbom.json,,no components
slaclab@scllrf_sbom.json,,no components
slaclab@simulacrum_sbom.json,,no components
slaclab@skywalker_sbom.json,,no components
slaclab@slac-ood-cryosparc_sbom.json,,no components
slaclab@slac-ood-jupyter_sbom.json,,no components
slaclab@smurf-epics-slac_sbom.json,,no components
slaclab@smurf-matlab-ioc_sbom.json,,no components
slaclab@smurf-processor-base-docker_sbom.json,,no components
slaclab@smurf-processor_sbom.json,,no components
slaclab@smurf2mce-base-docker_sbom.json,,no components
slaclab@smurf2mce-docker_sbom.json,,no components
slaclab@smurfc_sbom.json,,no components
slaclab@spacewire_ligh_sbom.json,,no components
slaclab@timechar_sbom.json,,no components
slaclab@timescans_sbom.json,,no components
slaclab@ttdatabenchmarkin_sbom.json,,no components
slaclab@uboot-xlnx-rce_sbom.json,,no components
slaclab@xvalid_sbom.json,,no components
slaclab@yaml-cpp_sbom.json,,no components
smith-LANL@ToyProblem-EthyleneOx_sbom.json,,no components
solarpermit@solarperm_sbom.json,,no components
sorokine@SOFT_sbom.json,,no components
spdomin@Nalu_sbom.json,,no components
spec-org@gfcc_sbom.json,,no components
spikingnn@spikingtorch_sbom.json,,no components
sriharikrishna@radolc_sbom.json,,no components
ssrangan@VizPower_sbom.json,,no components
ssrangan@origam_sbom.json,,no components
staleyLANL@kip_sbom.json,,no components
staleyLANL@metamesh_sbom.json,,no components
stanfill@QC-ART_sbom.json,,no components
starkemr@Residential-Simulation-Tool_sbom.json,,no components
stefanlasiewski@ascii2gdocs_sbom.json,,no components
stevenspurgeon@xtl-converter_sbom.json,,no components
stpierre@sponge_sbom.json,,no components
stream-benchmarking@firehose_sbom.json,,no components
stucco@stucco.github.io_sbom.json,,no components
sudarshanv01@catmap-mirror_sbom.json,,no components
sugeerth@ECoG-ClusterFlow_sbom.json,,no components
sunspec@svp_energy_lab_sbom.json,,no components
supercontainers@atse_sbom.json,,no components
sutanay@PbCdlComm_sbom.json,,no components
svvenkatakrishnan@pyMBIR_sbom.json,,no components
swig-fortran@flibcpp_sbom.json,,no components
symPACK@symPACK_sbom.json,,no components
symashayak@tramonto_sbom.json,,no components
szcompressor@kokkosSZ_sbom.json,,no components
tadesautels@PSINN_sbom.json,,no components
tdcosim@SolarPV-DER-simulation-tool_sbom.json,,no components
tepperly@MixDown_sbom.json,,no components
tgamblin@libra_sbom.json,,no components
tomography@XRFtomo_sbom.json,,no components
tomography@tomocupy_sbom.json,,no components
tonyhutter@e1000_nvme_led_sbom.json,,no components
tonyhutter@edit-initramfs_sbom.json,,no components
toshihikokawano@CENS_sbom.json,,no components
tpatki@power-slurm_sbom.json,,no components
tperciano@PMRF-IS_sbom.json,,no components
trentdhooge@ocd-release_sbom.json,,no components
trilinos@CTrilinos_sbom.json,,no components
trilinos@ForTrilinos_sbom.json,,no components
trilinos@Moertel_sbom.json,,no components
trilinos@WebTrilinos_sbom.json,,no components
trilinos@xSDKTrilinos_sbom.json,,no components
tyoon124@PyOECP_sbom.json,,no components
ucare-uchicago@mlec-sim_sbom.json,,no components
urbanopt@DES_HVAC_sbom.json,,no components
usdhs@DCAT-dhs_sbom.json,,no components
usgin@ContentModelCMS_sbom.json,,no components
usgin@ExcelToNGDSServiceTool_sbom.json,,no components
usgin@NGDSDataExplorer_sbom.json,,no components
usgin@WellLogDataTools_sbom.json,,no components
usgin@aasgtrack_sbom.json,,no components
usgin@lab-usgin-site_sbom.json,,no components
usgin@metadata-server_sbom.json,,no components
usgin@modelmanager_sbom.json,,no components
usgin@usgincsv_sbom.json,,no components
usqcd-software@c-lime_sbom.json,,no components
usqcd-software@qmp_sbom.json,,no components
uuudown@SBNN_sbom.json,,no components
uwsampa@grappa_sbom.json,,no components
vbanakha@edgePtychoNN_sbom.json,,no components
viveleroi@jquery.formbuilder_sbom.json,,no components
vstrnadova@BubbleCluster_sbom.json,,no components
wangyiqiu@closest-pair_sbom.json,,no components
wangyiqiu@dbscan_sbom.json,,no components
warewulf@warewulf3_sbom.json,,no components
weiny2@pragmatic-infiniband-utilities_sbom.json,,no components
whoiszyc@IntelliHealer_sbom.json,,no components
willow-ahrens@BranchlessReproducibleFloatingPointWithIntegers_sbom.json,,no components
xiaotingzhong@ML_microscopy_detection_segmentation_sbom.json,,no components
xiaotingzhong@image_intensity_gamma_normalization_sbom.json,,no components
xiyuyi-at-LLNL@llsmvis_sbom.json,,no components
yaoyongxin@CyGutz_sbom.json,,no components
yingwaili@HistogramFreeMUCA_sbom.json,,no components
yushangdi@par-filtered-graph-clusterin_sbom.json,,no components
yushangdi@parChain_sbom.json,,no components
yuxiamit@LiTM_sbom.json,,no components
zadorlab@KinBo_sbom.json,,no components
zfsonlinux@dracu_sbom.json,,no components
zfsonlinux@filebench_sbom.json,,no components
zfsonlinux@fstes_sbom.json,,no components
zfsonlinux@linux-ksta_sbom.json,,no components
zfsonlinux@zfs-auto-snapsho_sbom.json,,no components
zhbai@FTL_sbom.json,,no components
zhu-MDEML@DefectSegNe_sbom.json,,no components
